symbol,input,status,error,effective_preset,curve_kind,primary_curve_kind,resolved_config,used_fallback,scored_quotes,market_in_band_fraction,market_worst_in_band_fraction,market_reduced_chi_square,market_vol_rmse,market_bid_misses,market_ask_misses,market_max_price_error,calendar_violations,calendar_arb_free,validation_mask,admission_mask,arbitrage_mask,valued_options,fast_candidate_quotes,fast_representative_routes,fast_cold_fallbacks,fast_vs_cold_scored,fast_vs_cold_failures,fast_vs_cold_greek_scored,fast_vs_cold_greek_failures,fast_vs_cold_price_error_p50,fast_vs_cold_price_error_p95,fast_vs_cold_price_error_max,fast_vs_cold_delta_error_p50,fast_vs_cold_delta_error_p95,fast_vs_cold_delta_error_max,fast_vs_cold_gamma_error_p50,fast_vs_cold_gamma_error_p95,fast_vs_cold_gamma_error_max,fast_vs_cold_theta_error_p50,fast_vs_cold_theta_error_p95,fast_vs_cold_theta_error_max,fast_vs_cold_vega_error_p50,fast_vs_cold_vega_error_p95,fast_vs_cold_vega_error_max,fast_vs_cold_price_sign_flips,fast_vs_cold_delta_sign_flips,fast_vs_cold_theta_sign_flips,fast_vs_cold_vega_sign_flips,fast_negative_prices,fast_vs_cold_half_spread_passes,fast_vs_cold_half_tick_passes,fast_vs_cold_economic_gate_passes,fast_vs_cold_half_spread_pass_fraction,fast_vs_cold_half_tick_pass_fraction,fast_vs_cold_economic_gate_fraction,fast_representative_route_fraction,fast_screen_safe_fraction,fast_gate_option_tick,fast_gate_half_tick,fast_gate_vega_fraction,fast_point_limit,fast_greek_sample_limit,mode,full_chain_valuation,fast_sample_coverage_fraction
AAOI,universe/AAOI/2026-07-01.parquet,ok,,robust,c8-event,c8-event,curve=c8-event;prep=0;score=1;calendar_floor=1;query_tier=0;deam_cache=1,0,228,1,1,0.012234881980006449,0.0043938739888743509,0,0,0,0,1,0,0,0,1610,1527,965,562,64,0,64,0,4.2632564145606011e-14,0.051607240943923216,0.14068516312528345,5.0175059973511793e-07,0.0012669234595982792,0.0037071866536804166,8.4318628433555087e-09,0.00053643907518943908,0.0014264391963040553,0.0047767418630826342,0.25024467771478953,5.0340162921538365,7.7699936866792996e-06,0.22997698303932879,0.98138044390121593,0,0,0,1,0,64,44,33,1,0.6875,0.515625,0.63195808775376561,0.021611001964636542,0.01,0.0050000000000000001,1.0000000000000001e-05,64,64,commit,0,0.066321243523316059
AAPL,universe/AAPL/2026-07-01.parquet,ok,,fast,essvi,essvi,curve=essvi;prep=0;score=1;calendar_floor=1;query_tier=0;deam_cache=1,0,1333,0.61985762160667135,0.19047619047619047,2.2081615496603599,0.051316829786528885,352,158,0.29335404564487,12,0,0,0,32,3446,3056,2582,474,64,0,64,0,5.6843418860808015e-14,0.3981241306533434,1.2771510089571336,6.9343604401624157e-06,0.012843062843442721,0.024145921265417591,4.1153139938854277e-07,0.0018260509414150365,0.0034913918145265733,0.0051491224990121154,11.088370158832026,148.54680996853426,0.00027247302402955142,3.0819378142111731,7.2130483828567122,0,0,2,6,0,64,41,35,1,0.640625,0.546875,0.84489528795811519,0.011452879581151832,0.01,0.0050000000000000001,1.0000000000000001e-05,64,64,commit,0,0.024786986831913247
ADBE,universe/ADBE/2026-07-01.parquet,ok,,robust,essvi,essvi,curve=essvi;prep=0;score=1;calendar_floor=1;query_tier=0;deam_cache=1,0,698,0.98245150027810768,0.8571428571428571,0.29782731810036023,0.056962664453027577,9,2,0.11833194240626344,53,0,0,0,32,2114,1755,1469,286,64,0,64,0,2.369275009343752e-05,0.35065156151426891,3.8360628446142755,4.4682098219450683e-06,0.0061389283367254688,0.012789849961394872,3.693557459293062e-07,0.0021602676855037879,0.0045759516661936818,0.0021159599626114911,4.1210948892456747,10.39496901391564,0.00018721092566664765,2.4390009850524166,12.875173529729175,0,0,3,3,0,64,45,31,1,0.703125,0.484375,0.83703703703703702,0.017663817663817662,0.01,0.0050000000000000001,1.0000000000000001e-05,64,64,commit,0,0.043567052416609936
ADI,universe/ADI/2026-07-01.parquet,ok,,robust,essvi,essvi,curve=essvi;prep=0;score=1;calendar_floor=1;query_tier=0;deam_cache=1,0,565,0.95688790205975149,0.51063829787234039,0.20146234801811541,0.017868010597991396,23,3,2.1965277334441708,63,0,0,0,32,1760,1445,1232,213,64,0,64,0,0.00018448614159805032,0.1395936235876718,0.44219391716342216,2.1851745374792952e-05,0.0032840959974861361,0.007978506631906912,4.7159997019693978e-07,0.00013549384396292492,0.00031337531803488203,0.0085461606319228167,1.1516971471288144,1.9703330581607261,0.0032871049753566695,1.2842920993299032,4.1268798311745343,0,0,0,0,0,64,46,30,1,0.71875,0.46875,0.85259515570934252,0.020761245674740483,0.01,0.0050000000000000001,1.0000000000000001e-05,64,64,commit,0,0.051948051948051951
ALAB,universe/ALAB/2026-07-01.parquet,ok,,robust,essvi,essvi,curve=essvi;prep=0;score=1;calendar_floor=1;query_tier=0;deam_cache=1,0,1435,0.91921698958000719,0.52564102564102566,0.26559294314615917,0.055089070778955626,10,106,4.8779070917145662,68,0,0,0,32,3338,3104,2102,1002,64,0,64,0,0.00049015282645470393,0.0305180592627039,0.16219131216010396,1.2315762033497657e-05,0.00088442241886399486,0.0017817368232483297,2.9436103250865195e-07,4.7105846321854371e-05,0.00043416407864106172,0.0094228301574617035,0.42295136366931274,1.964283722986913,0.0055618560147472351,0.81445100573046147,1.9524882969172666,0,0,0,0,0,64,43,31,1,0.671875,0.484375,0.67719072164948457,0.0099871134020618549,0.01,0.0050000000000000001,1.0000000000000001e-05,64,64,commit,0,0.030447193149381543
AMAT,universe/AMAT/2026-07-01.parquet,ok,,robust,c8-event,c8-event,curve=c8-event;prep=0;score=1;calendar_floor=1;query_tier=0;deam_cache=1,0,844,0.96560945224777939,0.72549019607843135,0.2043088132211337,0.011279466066996681,26,2,2.1769198215352552,0,1,0,0,0,3532,3403,2286,1117,64,0,64,0,7.9767821508952563e-05,0.077652687947022514,0.25833877272805239,3.5046534206106816e-06,0.0023102489681786492,0.0036168109007344573,5.7556199399393104e-08,8.1842389358101363e-05,0.00038782399529200574,0.041894233222478761,0.33835772943228903,1.1639811112079883,0.0005275425666686484,0.6909781669281756,2.5604962735288268,0,0,0,0,0,64,44,30,1,0.6875,0.46875,0.67176021157801935,0.0088157508081104907,0.01,0.0050000000000000001,1.0000000000000001e-05,64,64,commit,0,0.02799650043744532
AMD,universe/AMD/2026-07-01.parquet,ok,,fast,essvi,essvi,curve=essvi;prep=0;score=1;calendar_floor=1;query_tier=0;deam_cache=1,0,2451,0.89984272977803104,0.59130434782608698,0.44727837674116389,0.047316662030192393,81,160,0.81085235027958191,41,0,0,0,32,5548,5225,3536,1689,64,0,64,0,4.4528318419251312e-05,0.29880433471967649,0.55798002281824211,2.6204787414996211e-06,0.0030021690396398459,0.0056106181154760293,3.7363071553331295e-08,0.00013297424632976508,0.00031859474955591702,0.0053687661934418429,4.8894493565004957,34.740140360091118,0.00028209951240576459,2.8298157953562679,9.9413486790919592,0,0,1,1,0,64,39,30,1,0.609375,0.46875,0.67674641148325354,0.0057416267942583732,0.01,0.0050000000000000001,1.0000000000000001e-05,64,64,commit,0,0.018099547511312219
AMZN,universe/AMZN/2026-07-01.parquet,ok,,fast,essvi,essvi,curve=essvi;prep=0;score=1;calendar_floor=1;query_tier=0;deam_cache=1,0,991,0.89689027752025507,0.56000000000000005,0.65894953873398998,0.036632542625521604,68,30,0.11865176988140735,41,0,0,0,32,2412,2197,2057,140,64,0,64,0,2.8421709430404007e-14,0.30155565741323187,0.52303037887429582,1.1321982807843689e-05,0.0082529122399028765,0.016380387901542726,5.7011196433198741e-07,0.001199598365215486,0.0015157984671946242,0.0095307694183475178,3.2603862875226546,14.013687939169444,9.5876161358976475e-05,1.067170867895328,1.8462883463407564,0,0,2,4,0,64,43,32,1,0.671875,0.5,0.93627674101046887,0.01456531634046427,0.01,0.0050000000000000001,1.0000000000000001e-05,64,64,commit,0,0.031113271754982984
ANET,universe/ANET/2026-07-01.parquet,ok,,robust,essvi,essvi,curve=essvi;prep=0;score=1;calendar_floor=1;query_tier=0;deam_cache=1,0,511,0.99131220034445844,0.93548387096774188,0.12238186206824375,0.031497103339296471,4,1,0.10592013117206278,30,0,0,0,32,1254,1138,993,145,64,0,64,0,0.0017661889086211247,0.28179033715703383,0.55008893382506585,9.7537407644066043e-05,0.0049125810814914517,0.0077327854255545558,9.8559196474268078e-06,0.00034007989540260446,0.0020001475860551101,0.037705463711812826,1.7355631401175569,162.97664110258006,0.014945523556894713,0.5071973381004824,1.3998934875902052,0,0,0,0,0,64,40,16,1,0.625,0.25,0.87258347978910367,0.014059753954305799,0.01,0.0050000000000000001,1.0000000000000001e-05,64,64,commit,0,0.064451158106747231
APH,universe/APH/2026-07-01.parquet,ok,,fast,essvi,essvi,curve=essvi;prep=0;score=1;calendar_floor=1;query_tier=0;deam_cache=1,0,277,1,1,0.030477647248898405,0.0097612693752028631,0,0,0,22,0,0,0,32,648,601,541,60,64,0,64,0,0.0014717715435694778,0.0988357849354351,0.48646469093435485,0.00017965244669876368,0.0021127405228473783,0.0031701891127968174,1.11574393893768e-05,0.00017482870825130149,0.00085691749125937217,0.015946459633866539,0.28277058767153385,0.39166928862949035,0.011406039626514541,0.35163313000541052,1.3260095752398797,0,0,0,0,0,64,39,18,1,0.609375,0.28125,0.90016638935108151,0.029950083194675542,0.01,0.0050000000000000001,1.0000000000000001e-05,64,64,commit,0,0.11829944547134935
APP,universe/APP/2026-07-01.parquet,ok,,robust,c8-event,c8-event,curve=c8-event;prep=0;score=1;calendar_floor=1;query_tier=0;deam_cache=1,0,67,1,1,0.040442159830271655,0.0037585593315412392,0,0,0,0,1,0,0,0,3172,2841,753,2088,64,0,64,0,0.0056313790723017121,0.46639920523705314,1.597527998546866,9.9858569394956076e-05,0.0033738381420710395,0.0072566879784168314,3.3297906531376282e-06,0.00011591781071319156,0.00028861558027199689,0.010828644397207654,0.55304248017233704,1.0530057608272614,0.031362785398272308,3.0925717671076427,10.639746798125572,0,0,0,0,0,64,30,23,1,0.46875,0.359375,0.26504751847940866,0.0080957409362900391,0.01,0.0050000000000000001,1.0000000000000001e-05,64,64,commit,0,0.084993359893758294
ARM,universe/ARM/2026-07-01.parquet,ok,,robust,essvi,essvi,curve=essvi;prep=0;score=1;calendar_floor=1;query_tier=0;deam_cache=1,0,1314,0.84420309008943684,0.27397260273972601,0.78444873496093992,0.039218340928483086,71,163,2.5755468652369684,62,0,0,0,32,3152,2890,2146,744,64,0,64,0,0.0062356358532440481,0.18518830520550011,0.33113425156170706,0.00017784620317717881,0.0025448257210473058,0.004375752875644956,4.0241935809655349e-06,0.00010564047081900143,0.00094040380624305846,0.04452361027905738,1.3744467127361304,6.4273521794407138,0.01711998841305018,1.0632656216000953,3.1186664034379987,0,0,0,0,0,64,31,18,1,0.484375,0.28125,0.74256055363321805,0.0062283737024221453,0.01,0.0050000000000000001,1.0000000000000001e-05,64,64,commit,0,0.029822926374650512
ASML,universe/ASML/2026-07-01.parquet,ok,,robust,essvi,essvi,curve=essvi;prep=0;score=1;calendar_floor=1;query_tier=0;deam_cache=1,0,2432,0.87974319719607408,0.26380368098159507,0.53377508985207089,0.022770013962688969,68,249,14.295044324576466,91,0,0,0,32,6222,5543,4538,1005,64,0,64,0,7.1051123995857779e-05,0.44851929226319953,1.3401627774779854,1.4801397610897382e-06,0.0037355373406562364,0.0064057455671493457,4.2896067278764757e-09,3.9403694303203176e-05,0.00029120819030697877,0.015264065980886699,12.011757989244558,2251.2503103298295,0.00068356108600653442,2.2032957860204903,3.1556271325941907,0,0,0,0,0,64,43,34,1,0.671875,0.53125,0.81869023994226953,0.0061338625293162544,0.01,0.0050000000000000001,1.0000000000000001e-05,64,64,commit,0,0.014103129131776113
ASTS,universe/ASTS/2026-07-01.parquet,fit_error,NotFound: select_curve: no common prepared holdout keys,robust,,,,,,,,,,,,,,,,,,,0,0,0,0,0,0,0,,,,,,,,,,,,,,,,0,0,0,0,0,0,0,0,,,,,,0.01,0.0050000000000000001,1.0000000000000001e-05,64,64,commit,0,
AVGO,universe/AVGO/2026-07-01.parquet,ok,,robust,essvi,essvi,curve=essvi;prep=0;score=1;calendar_floor=1;query_tier=0;deam_cache=1,0,1593,0.71148747942695678,0.15053763440860216,4.6360276261558431,0.039156621398725826,113,359,2.6034698845791411,160,0,0,0,32,3656,3421,2908,513,64,0,64,0,0.00032718209931870135,0.29435335126964901,0.99265076194217272,1.6609854985440847e-05,0.0044419637736422546,0.016218274620932394,8.6388727506096774e-07,0.00021576634140271431,0.0015066822020401748,0.0087420609185713261,24.598310797226802,311.72725496270914,0.0016416734543645006,2.7828118997389879,11.01671057165413,0,0,0,2,0,64,40,27,1,0.625,0.421875,0.85004384682841272,0.0078924291142940667,0.01,0.0050000000000000001,1.0000000000000001e-05,64,64,commit,0,0.022008253094910592
BA,universe/BA/2026-07-01.parquet,ok,,robust,essvi,essvi,curve=essvi;prep=0;score=1;calendar_floor=1;query_tier=0;deam_cache=1,0,513,0.98420467185761962,0.82758620689655171,0.33780712582311956,0.035724153076621752,4,3,0.042715677887296799,35,0,0,0,32,1530,1278,1223,55,64,0,64,0,2.7634445262051527e-05,0.071966449066877658,1.5311740281898096,1.3392213609297876e-05,0.0061346815340961314,0.0084185331358148652,7.2332220292287055e-07,0.00064434582418061975,0.0019922308976342324,0.0020141425757541631,1.5366687487138861,4.5584914923163691,0.00013929529342959768,2.3438550108752736,5.2864026166590037,0,0,4,6,0,64,39,32,1,0.609375,0.5,0.95696400625978095,0.025039123630672927,0.01,0.0050000000000000001,1.0000000000000001e-05,64,64,commit,0,0.052330335241210141
BABA,universe/BABA/2026-07-01.parquet,ok,,robust,svi,svi,curve=svi;prep=0;score=1;calendar_floor=1;query_tier=0;deam_cache=1,0,132,0.65454545454545454,0,41.358442358451953,0.038173507606829242,0,36,2.0449242905340856,0,1,0,0,0,2028,1705,1104,601,64,0,64,0,0.00012575395979577686,0.069544879629852119,0.20005000189054556,1.4004441567065651e-05,0.0036604531256507755,0.011446277913529923,1.5638175137647984e-06,0.0012402669691532989,0.0037481850923957302,0.0016654545719063663,0.70567506228172494,3.4903388640219308,0.0015519202019597111,1.1470115544091044,1.5517216247850261,0,0,2,2,0,64,46,31,1,0.71875,0.484375,0.64750733137829908,0.018181818181818181,0.01,0.0050000000000000001,1.0000000000000001e-05,64,64,commit,0,0.057971014492753624
BAC,universe/BAC/2026-07-01.parquet,ok,,fast,essvi,essvi,curve=essvi;prep=0;score=1;calendar_floor=1;query_tier=0;deam_cache=1,0,432,0.88507969094200534,0.41666666666666669,0.49632948482594286,0.0095288501577673983,19,34,0.081529640671480053,125,0,0,0,32,1062,963,923,40,64,0,64,0,0.00033781778571118082,0.056019732604742245,0.079141704452112549,0.0002434501260794586,0.008218950757515886,0.031538423578477359,5.6021588815429423e-05,0.0030684652837475348,0.0098069580631822435,0.0095016400985610261,2.6839599082709245,8.2201697843846837,0.0060573109053803087,0.12611653075188967,0.42735779455752709,0,0,2,4,0,64,44,19,1,0.6875,0.296875,0.95846313603322952,0.019730010384215992,0.01,0.0050000000000000001,1.0000000000000001e-05,64,64,commit,0,0.069339111592632716
BE,universe/BE/2026-07-01.parquet,ok,,robust,essvi,essvi,curve=essvi;prep=0;score=1;calendar_floor=1;query_tier=0;deam_cache=1,0,1256,0.92295565725885986,0.25806451612903225,0.37301890760462325,0.047302282022448211,37,54,2.0832293234610972,55,0,0,0,32,2720,2616,1820,796,64,0,64,0,0.00017358474707407368,0.073379821460804351,0.13900658640881147,6.6884817981893718e-06,0.0016067857656413831,0.0033769339387026975,1.8574283964145535e-07,6.8986102957348261e-05,0.000934342978437293,0.0088189650956849164,0.55926111600160766,0.9498428007987485,0.00068611729349754569,0.39396893647128195,1.434099119100722,0,0,0,0,0,64,47,32,1,0.734375,0.5,0.69571865443425074,0.012232415902140673,0.01,0.0050000000000000001,1.0000000000000001e-05,64,64,commit,0,0.035164835164835165
BRK.B,universe/BRK.B/2026-07-01.parquet,fit_error,NotFound: fit_curve_surface: underlying carries no chains,robust,,,,,,,,,,,,,,,,,,,0,0,0,0,0,0,0,,,,,,,,,,,,,,,,0,0,0,0,0,0,0,0,,,,,,0.01,0.0050000000000000001,1.0000000000000001e-05,64,64,commit,0,
C,universe/C/2026-07-01.parquet,ok,,robust,c8-event,c8-event,curve=c8-event;prep=0;score=1;calendar_floor=1;query_tier=0;deam_cache=1,0,367,0.33589743589743587,0,428.06263033171302,0.14483448452608719,0,229,7.902372689159221,0,1,0,0,0,1428,1233,1035,198,64,0,64,0,0.00088508940639542288,0.062529370805862072,0.1674817685372858,9.3927605908539213e-05,0.0026954895119880584,0.011380944621489975,7.5832738189694771e-06,0.00054291990253312679,0.0027366959954298539,0.011109949140117426,0.45588671307756634,6.1529333230014673,0.0059146692917844135,0.40123726445619923,2.835520529107999,0,0,0,1,0,64,45,23,1,0.703125,0.359375,0.83941605839416056,0.018653690186536901,0.01,0.0050000000000000001,1.0000000000000001e-05,64,64,commit,0,0.06183574879227053
CAT,universe/CAT/2026-07-01.parquet,ok,,robust,svi,svi,curve=svi;prep=0;score=1;calendar_floor=1;query_tier=0;deam_cache=1,0,348,0.83351851851851855,0.18518518518518517,0.48345179635741004,0.0071143818822926534,7,26,7.8270728752666798,0,1,0,0,0,3968,3209,1390,1819,64,0,64,0,0.00047822134627040214,0.99677723495625514,1.3998292033883217,3.0210135627539714e-06,0.005895860255288661,0.0089194072074139097,1.4488998476426106e-08,0.00010732283516769084,0.00065096005919478602,0.0017975757376618162,1.0745443542816133,8.5441902692649521,0.0068067047677082826,7.0528575987509612,18.346449074405996,0,0,1,1,0,64,35,32,1,0.546875,0.5,0.43315674665004672,0.0099719538797133061,0.01,0.0050000000000000001,1.0000000000000001e-05,64,64,commit,0,0.0460431654676259
CBRS,universe/CBRS/2026-07-01.parquet,fit_error,NotFound: select_curve: no common prepared holdout keys,robust,,,,,,,,,,,,,,,,,,,0,0,0,0,0,0,0,,,,,,,,,,,,,,,,0,0,0,0,0,0,0,0,,,,,,0.01,0.0050000000000000001,1.0000000000000001e-05,64,64,commit,0,
CIEN,universe/CIEN/2026-07-01.parquet,ok,,robust,essvi,essvi,curve=essvi;prep=0;score=1;calendar_floor=1;query_tier=0;deam_cache=1,0,1071,0.99822255291005291,0.984375,0.048134858710059958,0.036255724842033557,1,1,0.48250296655542257,25,0,0,0,32,2818,2529,2017,512,64,0,64,0,0.00090372099943669681,0.32298340177732143,0.80027928657750635,1.7273644067894445e-05,0.0017789074018635942,0.0054670095929105211,1.8666349324862521e-07,4.9381480280426574e-05,0.00041269490632827476,0.017886921810543299,0.48359738924384033,23.706152796436047,0.0082196120118851468,1.7445576380867089,3.8201826212803098,0,0,0,1,0,64,40,29,1,0.625,0.453125,0.79754843811783316,0.011466982997232108,0.01,0.0050000000000000001,1.0000000000000001e-05,64,64,commit,0,0.031730292513634108
COHR,universe/COHR/2026-07-01.parquet,fit_error,NotFound: select_curve: no common prepared holdout keys,robust,,,,,,,,,,,,,,,,,,,0,0,0,0,0,0,0,,,,,,,,,,,,,,,,0,0,0,0,0,0,0,0,,,,,,0.01,0.0050000000000000001,1.0000000000000001e-05,64,64,commit,0,
COIN,universe/COIN/2026-07-01.parquet,ok,,robust,essvi,essvi,curve=essvi;prep=0;score=1;calendar_floor=1;query_tier=0;deam_cache=1,0,1205,0.95203431791691884,0.6097560975609756,0.5095592725685355,0.12213199492969386,36,12,0.12224243900980758,35,0,0,0,32,3068,2739,1629,1110,64,0,64,0,0.0054399604958916825,0.37190311797456843,0.54078040050106324,9.6301688280370223e-05,0.0098421459087533192,0.014167937176262191,6.9185402925843985e-06,0.00046881106842763462,0.0025372490047366539,0.020132620070357987,1.6242472792497935,12.83033884066325,0.010355212572334516,0.75467745070448622,2.2026948801817383,0,0,0,1,0,64,31,17,1,0.484375,0.265625,0.5947426067907996,0.0062066447608616279,0.01,0.0050000000000000001,1.0000000000000001e-05,64,64,commit,0,0.039287906691221605
COST,universe/COST/2026-07-01.parquet,ok,,robust,svi,svi,curve=svi;prep=0;score=1;calendar_floor=1;query_tier=0;deam_cache=1,0,670,0.32550055617352613,0,83.771964903483664,0.097148042301671331,0,419,40.629738199335428,0,1,0,0,0,3452,2918,2749,169,64,0,64,0,3.7632592437830681e-06,0.54903505703032351,2.0472109216430567,4.8460443554665389e-06,0.0075158863035742485,0.017543060318828962,2.0747392676101484e-07,0.00033576738233361014,0.0014611580838939592,0.016502375287927862,3.8181312185599836,31.445995157438198,0.0010428776863022904,10.574899961640845,25.974688201897948,0,0,1,2,0,64,37,32,1,0.578125,0.5,0.94208361891706649,0.010966415352981495,0.01,0.0050000000000000001,1.0000000000000001e-05,64,64,commit,0,0.023281193161149509
CRCL,universe/CRCL/2026-07-01.parquet,ok,,robust,essvi,essvi,curve=essvi;prep=0;score=1;calendar_floor=1;query_tier=0;deam_cache=1,0,738,0.95086871208202572,0.6071428571428571,0.28022344933769472,0.078248469950966348,18,12,0.1071779633130685,19,0,0,0,32,1750,1613,1002,611,64,0,64,0,0.0090115585085364103,0.1757160958205759,0.58147291632482734,0.00049117474717785825,0.0070591891555814579,0.015794718992351742,2.5451360855872213e-05,0.00086573804528012645,0.001508171605493856,0.031873309458522847,1.4836705164255619,6.0689377636738087,0.018296979230864707,0.27280214947777992,0.75711322073010479,0,0,0,3,0,64,26,15,1,0.40625,0.234375,0.62120272783632979,0.009299442033477991,0.01,0.0050000000000000001,1.0000000000000001e-05,64,64,commit,0,0.063872255489021951
CRDO,universe/CRDO/2026-07-01.parquet,fit_error,NotFound: select_curve: no common prepared holdout keys,robust,,,,,,,,,,,,,,,,,,,0,0,0,0,0,0,0,,,,,,,,,,,,,,,,0,0,0,0,0,0,0,0,,,,,,0.01,0.0050000000000000001,1.0000000000000001e-05,64,64,commit,0,
CRM,universe/CRM/2026-07-01.parquet,ok,,robust,svi,svi,curve=svi;prep=0;score=1;calendar_floor=1;query_tier=0;deam_cache=1,0,297,0.79261704681872747,0,16.968862619986933,0.023461521286780036,2,58,3.0880661304171886,0,1,0,0,0,1638,1408,1206,202,64,0,64,0,4.6600631781641699e-05,0.27032236187851311,0.99110188688166545,9.1711713896798844e-06,0.0091125229730210089,0.016921575489560414,1.5366698090657493e-06,0.0011082440845812862,0.003162092377238716,0.0037801888194479716,2.4385436885740344,5.9655864989621508,0.00095585185427893293,1.4122831322722931,2.6137774534211005,0,0,3,5,0,64,39,31,1,0.609375,0.484375,0.85653409090909094,0.022017045454545456,0.01,0.0050000000000000001,1.0000000000000001e-05,64,64,commit,0,0.05306799336650083
CRWD,universe/CRWD/2026-07-01.parquet,ok,,robust,essvi,essvi,curve=essvi;prep=0;score=1;calendar_floor=1;query_tier=0;deam_cache=1,0,1586,0.85049076577059868,0.27710843373493976,0.64802709649093815,0.038811991136744453,58,168,5.2913359743356878,67,0,0,0,32,4136,3654,2961,693,64,0,64,0,1.1368683772161603e-13,0.24375630281375038,0.77513614472877634,2.3355266748348313e-06,0.0032842106428759843,0.0076695858896162483,5.4429475994030585e-08,0.00017136740449258305,0.00040297560708416757,0.009291587755903663,35.234499945088714,908.10713714596932,8.6967915308377997e-05,1.2385421009608422,3.1342693570894653,0,0,0,2,0,64,41,35,1,0.640625,0.546875,0.81034482758620685,0.0095785440613026813,0.01,0.0050000000000000001,1.0000000000000001e-05,64,64,commit,0,0.021614319486659914
CRWV,universe/CRWV/2026-07-01.parquet,ok,,robust,essvi,essvi,curve=essvi;prep=0;score=1;calendar_floor=1;query_tier=0;deam_cache=1,0,940,0.91220895063148166,0.17391304347826086,1.2838173781185913,0.02907558299159967,32,49,1.4639018174562479,46,0,0,0,32,2032,1956,1616,340,64,0,64,0,8.4206802571928918e-05,0.049897930246608269,0.22173014709430561,2.4036978818198218e-06,0.0027717505718669599,0.0075018015301732133,3.5012122390366135e-06,0.00090667043883222885,0.0077119534740007272,0.0010736185655204622,0.31376405866153689,4.427897549817315,0.00039842501036346789,0.42503076274895335,1.1628393062361368,0,0,0,2,0,64,46,31,1,0.71875,0.484375,0.82617586912065444,0.015848670756646217,0.01,0.0050000000000000001,1.0000000000000001e-05,64,64,commit,0,0.039603960396039604
CSCO,universe/CSCO/2026-07-01.parquet,ok,,robust,svi,svi,curve=svi;prep=0;score=1;calendar_floor=1;query_tier=0;deam_cache=1,0,365,0.78176603974923287,0,14.590063418029215,0.048209207908528964,13,62,3.1927608333587472,0,1,0,0,0,1408,1225,1115,110,64,0,64,0,0.0013785025982278043,0.14143979727963796,0.23996188859130285,0.00025554897753776729,0.0055985517191338152,0.010764516491204801,1.3990799560548162e-05,0.00070789466933665005,0.0035510098300083814,0.020165673847918342,2.0148016925489891,17.787655340480534,0.011155639358104881,0.38622203868706606,0.58869485383917652,0,0,1,5,0,64,38,22,1,0.59375,0.34375,0.91020408163265309,0.017959183673469388,0.01,0.0050000000000000001,1.0000000000000001e-05,64,64,commit,0,0.057399103139013453
CVX,universe/CVX/2026-07-01.parquet,ok,,robust,svi,svi,curve=svi;prep=0;score=1;calendar_floor=1;query_tier=0;deam_cache=1,0,161,0.35499999999999998,0,160.76342420790166,0.068657357948060591,0,109,5.0998099256163334,0,1,0,0,0,1048,823,758,65,64,0,64,0,0.007999957734080354,0.38525796576082172,0.54846860469213254,0.00052351132939965073,0.010286071553790799,0.047060364294160384,6.0306202350991257e-05,0.0011268886805581649,0.004079911850744568,0.024619359220544368,9.6916416542717396,14.466732837655133,0.054417479719313988,2.0542659405780892,8.7609975258877242,0,0,2,8,0,64,31,6,1,0.484375,0.09375,0.92102065613608752,0.0072904009720534627,0.01,0.0050000000000000001,1.0000000000000001e-05,64,64,commit,0,0.084432717678100261
DDOG,universe/DDOG/2026-07-01.parquet,ok,,robust,essvi,essvi,curve=essvi;prep=0;score=1;calendar_floor=1;query_tier=0;deam_cache=1,0,836,0.98402365935567249,0.93333333333333335,0.20162820370775225,0.058361926525672479,8,6,0.14409249988244377,7,0,0,0,32,1896,1784,1373,411,64,0,64,0,1.1556689827330047e-07,0.092441461565186955,0.43471287838821127,3.2107721553709112e-06,0.0041492854769062462,0.0071934577003335276,1.2473983888872109e-07,0.00035178654538076408,0.0019312744576803795,0.0059374358561257168,1.2280906998842767,13.078222227012528,3.0485025128257348e-05,0.96331226779378198,3.4629339840565194,0,0,0,1,0,64,47,32,1,0.734375,0.5,0.76961883408071752,0.017937219730941704,0.01,0.0050000000000000001,1.0000000000000001e-05,64,64,commit,0,0.046613255644573928
DELL,universe/DELL/2026-07-01.parquet,ok,,robust,c8-event,c8-event,curve=c8-event;prep=0;score=1;calendar_floor=1;query_tier=0;deam_cache=1,0,532,1,1,0.0079444251101811018,0.0014444261950883872,0,0,0,0,1,0,0,0,3270,2954,1816,1138,64,0,64,0,0.001551007621252154,0.16733174423123387,0.27315156101957427,2.682679238086294e-05,0.0035657503238016863,0.0070703231304674041,2.78141281539134e-07,5.4543306972155807e-05,6.7604340622306157e-05,0.0066567204986185402,0.53693681316113384,16.40368822083299,0.0076229832306751177,0.47904065344467028,2.4543687217202597,0,0,0,1,0,64,38,25,1,0.59375,0.390625,0.61475964793500337,0.0084631008801624909,0.01,0.0050000000000000001,1.0000000000000001e-05,64,64,commit,0,0.035242290748898682
F,universe/F/2026-07-01.parquet,ok,,robust,linear-variance,linear-variance,curve=linear-variance;prep=0;score=1;calendar_floor=1;query_tier=0;deam_cache=1,0,106,1,1,0.00023246711273114642,0.0001379482706082975,0,0,0,0,1,0,0,0,844,615,541,74,64,0,64,0,0.0043791765879466205,0.090120325408885371,0.17664573803679318,0.0018791205491648366,0.020506731901495101,0.035107615625213695,0.00068840562843359987,0.013816742911616532,0.03065689058824056,0.016036105887661578,1.4683976148917486,2.3339448271888044,0.0069663509943397152,0.1561255349404842,0.92227613661263708,0,0,6,10,0,64,32,3,1,0.5,0.046875,0.87967479674796745,0.0048780487804878049,0.01,0.0050000000000000001,1.0000000000000001e-05,64,64,commit,0,0.11829944547134935
GE,universe/GE/2026-07-01.parquet,ok,,robust,essvi,essvi,curve=essvi;prep=0;score=1;calendar_floor=1;query_tier=0;deam_cache=1,0,528,0.39732734301956268,0.033333333333333333,70.60034941781241,0.19410575609880346,83,235,25.573511986125968,145,0,0,0,32,1576,1316,1140,176,64,0,64,0,0.00034146777076084212,0.094845792689824293,0.22779170796718518,8.5964101153385153e-05,0.0019203386329627037,0.0043792122202278572,1.6520411142200916e-06,0.00017636873300548236,0.00090506261325181379,0.024189555234158888,0.38385159684457903,3.8547620647027392,0.004301273138793249,2.0037994707187892,7.7132850917251403,0,0,0,0,0,64,40,25,1,0.625,0.390625,0.86626139817629177,0.018996960486322188,0.01,0.0050000000000000001,1.0000000000000001e-05,64,64,commit,0,0.056140350877192984
GEV,universe/GEV/2026-07-01.parquet,ok,,robust,c8-event,c8-event,curve=c8-event;prep=0;score=1;calendar_floor=1;query_tier=0;deam_cache=1,0,588,1,1,0.0133952930634407,0.0018413023844986152,0,0,0,0,1,0,0,0,4292,3780,1690,2090,64,0,64,0,5.6843418860808015e-14,0.36236703966159212,1.4555689740938078,7.9374449157842975e-07,0.0052207841659553944,0.007151553927268961,1.8001479740441945e-09,0.00010467369718344103,0.00070357510640274416,0.0016470915753927784,1.3597564936806634,3.0031468331882181,0.00028312047010103925,1.1129292474408388,6.9237175365119583,0,0,0,0,0,64,34,32,1,0.53125,0.5,0.44708994708994709,0.0084656084656084662,0.01,0.0050000000000000001,1.0000000000000001e-05,64,64,commit,0,0.037869822485207101
GLW,universe/GLW/2026-07-01.parquet,ok,,robust,svi,svi,curve=svi;prep=0;score=1;calendar_floor=1;query_tier=0;deam_cache=1,0,68,0.73265306122448981,0,1.2525951399081627,0.014328569977636697,0,11,1.3024848383321981,0,1,0,0,0,2072,1904,532,1372,64,0,64,0,3.6900914977877619e-05,0.022267056191708434,0.048980221165464854,7.586448258489753e-07,0.00041219992614061063,0.001130693711323516,9.144784965408638e-09,2.3802168230838941e-05,7.0717521336661864e-05,0.00018670983504520677,0.015614132094455613,0.032546999667204091,0.00060170944281168204,1.1692498043203017,1.2478217778140106,0,0,0,0,0,64,49,34,1,0.765625,0.53125,0.27941176470588236,0.017857142857142856,0.01,0.0050000000000000001,1.0000000000000001e-05,64,64,commit,0,0.12030075187969924
GOOG,universe/GOOG/2026-07-01.parquet,ok,,fast,essvi,essvi,curve=essvi;prep=0;score=1;calendar_floor=1;query_tier=0;deam_cache=1,0,1116,0.91161675686441435,0.69491525423728817,0.6027507425606986,0.048685059709560358,74,22,0.31583147086626084,29,0,0,0,32,2538,2385,2096,289,64,0,64,0,3.4076098529567389e-06,0.30704804489437265,1.892503559972937,1.0175427067715681e-05,0.0035685348911332904,0.015412472267480881,5.8880850322892697e-07,0.00069390061393117576,0.0016774343443116775,0.0035465110569248282,14.042575339080681,213.41774478358002,0.00018729978984310947,2.4143541784951292,3.5460398675263605,0,0,3,4,0,64,40,30,1,0.625,0.46875,0.87882599580712784,0.012578616352201259,0.01,0.0050000000000000001,1.0000000000000001e-05,64,64,commit,0,0.030534351145038167
GOOGL,universe/GOOGL/2026-07-01.parquet,ok,,fast,essvi,essvi,curve=essvi;prep=0;score=1;calendar_floor=1;query_tier=0;deam_cache=1,0,2002,0.91227704961298206,0.54545454545454541,0.7132941370346958,0.055779392739568494,109,28,0.23122883090686219,39,0,0,0,32,4842,4423,3682,741,64,0,64,0,3.234390533179976e-11,0.76408375152868757,2.3038970852511511,4.3445343823056426e-06,0.010481743860493165,0.032856340316565591,1.352889533480766e-07,0.001178301087633055,0.0046945099014626453,0.0055794374934237112,15.858214699089695,199.37797330416356,0.00018560772645059842,2.360046151936217,4.6187085859410359,0,0,3,4,0,64,39,32,1,0.609375,0.5,0.83246665159394073,0.0072349084331901426,0.01,0.0050000000000000001,1.0000000000000001e-05,64,64,commit,0,0.017381857686040194
GS,universe/GS/2026-07-01.parquet,ok,,robust,convex-dense,convex-dense,curve=convex-dense;prep=0;score=1;calendar_floor=1;query_tier=0;deam_cache=1,0,2272,0.98859553148653179,0.91666666666666663,0.048354424588951367,0.002837947691790571,1,7,1.5460242833152336,0,1,0,0,0,6790,6203,5917,286,64,0,64,0,0.011293431845274426,0.85850137155478023,2.418024711698223,9.7453631523691797e-05,0.005634813499419522,0.015476740301633929,1.1348113983817719e-06,9.7118269522829172e-05,0.00049625969613333347,0.090442842107265164,4.2791190960355792,8.8820981727191111,0.061291934897269584,7.75456282999885,25.779853722500185,0,0,2,1,0,64,27,17,1,0.421875,0.265625,0.95389327744639696,0.0027406093825568275,0.01,0.0050000000000000001,1.0000000000000001e-05,64,64,commit,0,0.010816292039885076
HD,universe/HD/2026-07-01.parquet,ok,,robust,essvi,essvi,curve=essvi;prep=0;score=1;calendar_floor=1;query_tier=0;deam_cache=1,0,552,0.9262991910050733,0.45714285714285713,0.36213583011724715,0.021275461559971634,19,24,5.1852014719948301,142,0,0,0,32,1890,1523,1403,120,64,0,64,0,0.011607636695103452,0.61818385242622753,1.7722006045393073,0.00056921591270614469,0.012904170542802684,0.04470880096056129,1.6135367578899197e-05,0.0003957503398468315,0.0006428936286220952,0.055785360000086825,2.2479205876726489,2.8096863473794862,0.097786554900871181,2.5751885410468844,14.726413175890286,0,0,2,1,0,64,28,15,1,0.4375,0.234375,0.92120814182534472,0.0098489822718319103,0.01,0.0050000000000000001,1.0000000000000001e-05,64,64,commit,0,0.045616535994297935
HOOD,universe/HOOD/2026-07-01.parquet,ok,,robust,essvi,essvi,curve=essvi;prep=0;score=1;calendar_floor=1;query_tier=0;deam_cache=1,0,871,0.78056599553555128,0.14705882352941177,6.0909646011659673,0.054119910373153904,46,155,1.7191411778157821,110,0,0,0,32,2102,1922,1447,475,64,0,64,0,0.0082214082481684159,0.2298789067143332,0.64790029496390389,0.00034942654468164691,0.0055755248807148883,0.017006006914594529,2.7055071955416239e-05,0.00037821598024109955,0.0011385383864271502,0.042611514662329597,0.52373679764920844,6.7124851443299383,0.010915500171261527,0.45527768498075716,4.2614915470931862,0,0,1,2,0,64,28,13,1,0.4375,0.203125,0.75286160249739853,0.0067637877211238293,0.01,0.0050000000000000001,1.0000000000000001e-05,64,64,commit,0,0.0442294402211472
HPE,universe/HPE/2026-07-01.parquet,ok,,robust,essvi,essvi,curve=essvi;prep=0;score=1;calendar_floor=1;query_tier=0;deam_cache=1,0,424,0.99530864197530866,0.96296296296296291,0.086563003639412717,0.044292977010874118,1,1,0.031447131945081752,49,0,0,0,32,1318,1083,916,167,64,0,64,0,0.00088964397735047385,0.11816683932802974,0.34887805116740012,0.00016498119075308848,0.01154313734851764,0.012880142220314972,3.1103168904009909e-05,0.0017561024051849297,0.0099974844103651386,0.008275021270921723,1.1216738462234157,3.7935336091332537,0.003007382820213067,0.70396761516592066,1.1557517051614834,0,0,0,1,0,64,40,23,1,0.625,0.359375,0.8457987072945522,0.021237303785780239,0.01,0.0050000000000000001,1.0000000000000001e-05,64,64,commit,0,0.069868995633187769
IBM,universe/IBM/2026-07-01.parquet,ok,,robust,essvi,essvi,curve=essvi;prep=0;score=1;calendar_floor=1;query_tier=0;deam_cache=1,0,845,0.68666847343184378,0,4.1956641390705798,0.057117206159184537,52,224,6.5582916008006151,118,0,0,0,32,2174,1932,1742,190,64,0,64,0,0.007936486117969821,0.33313286391131669,0.67086456999277289,0.00030210966169719189,0.0056790376747162252,0.013185093677713478,1.120465849986309e-05,0.00048155350954398357,0.001242760659828692,0.050529071598575115,14.180244151796899,231.45420867919984,0.017930499700632652,0.61601856398826271,5.4837635146937487,0,0,0,0,0,64,29,13,1,0.453125,0.203125,0.90165631469979302,0.006728778467908903,0.01,0.0050000000000000001,1.0000000000000001e-05,64,64,commit,0,0.036739380022962113
INTC,universe/INTC/2026-07-01.parquet,ok,,robust,c8-event,c8-event,curve=c8-event;prep=0;score=1;calendar_floor=1;query_tier=0;deam_cache=1,0,488,0.68978263437836285,0,4.556155033024182,0.018688329827969915,35,132,1.870573985190795,0,1,0,0,0,2168,2060,1444,616,64,0,64,0,1.298416407280456e-06,0.05271440706999897,0.16589350416664672,1.199772570480151e-06,0.0026003348455663211,0.005614208261458753,9.4998019239261877e-08,0.00027046998254731192,0.0016972095536427209,0.00067139879871547237,0.13202576843204383,3.3736119254175145,1.3214887804424702e-05,0.284772313381076,1.4224025976853056,0,0,0,1,0,64,49,34,1,0.765625,0.53125,0.70097087378640777,0.016504854368932041,0.01,0.0050000000000000001,1.0000000000000001e-05,64,64,commit,0,0.044321329639889197
INTU,universe/INTU/2026-07-01.parquet,ok,,robust,essvi,essvi,curve=essvi;prep=0;score=1;calendar_floor=1;query_tier=0;deam_cache=1,0,649,0.99007713884992987,0.92500000000000004,0.14966424430681924,0.029192697107764693,5,0,0.070703548149533446,7,0,0,0,32,2018,1676,1276,400,64,0,64,0,0.00064874615791588042,0.43006983202556626,1.2937180866803146,4.1054813645136079e-05,0.0082112446970779018,0.022152325313782639,1.8194783290095369e-06,0.00034817296653613639,0.0011739772297027988,0.0043279839966174904,2.5773213448067178,13.401191804956037,0.007928528704738369,1.0467472614014792,6.5214994908120332,0,0,2,5,0,64,40,28,1,0.625,0.4375,0.76133651551312653,0.016706443914081145,0.01,0.0050000000000000001,1.0000000000000001e-05,64,64,commit,0,0.050156739811912224
IONQ,universe/IONQ/2026-07-01.parquet,ok,,robust,essvi,essvi,curve=essvi;prep=0;score=1;calendar_floor=1;query_tier=0;deam_cache=1,0,431,0.9952020202020202,0.95833333333333337,0.12127057544565188,0.061226446543295988,2,0,0.011833593348609728,20,0,0,0,32,1106,984,702,282,64,0,64,0,0.0056976695926591603,0.13617197121090996,0.36962366411033543,0.00049461883849821753,0.0057772957885708909,0.012336700427253433,6.140585254481995e-05,0.00087293819497721165,0.0059959659828856954,0.042058707470008727,0.92283254521241265,3.6699143099497205,0.0063289825585437498,0.22030398342602098,0.87219428803228283,0,0,0,0,0,64,30,11,1,0.46875,0.171875,0.71341463414634143,0.011178861788617886,0.01,0.0050000000000000001,1.0000000000000001e-05,64,64,commit,0,0.091168091168091173
IREN,universe/IREN/2026-07-01.parquet,ok,,robust,svi,svi,curve=svi;prep=0;score=1;calendar_floor=1;query_tier=0;deam_cache=1,0,44,0.97916666666666663,0.91666666666666663,0.080832978455596366,0.0044029851857027655,1,0,0.029667492382160709,0,1,0,0,0,1632,1516,845,671,64,0,64,0,4.1936320702845586e-05,0.012556309956998746,0.023227411667065212,9.875173077267263e-06,0.0014676056196970544,0.0034546952047455892,2.828062405464335e-06,0.000550727820199934,0.0088775599533338669,0.0028319338316666887,0.082978010049620465,0.22961725407087441,0.00036162662696104242,0.057575605378240136,0.17644929550381327,0,0,0,0,0,64,55,29,1,0.859375,0.453125,0.55738786279683372,0.01912928759894459,0.01,0.0050000000000000001,1.0000000000000001e-05,64,64,commit,0,0.075739644970414202
JNJ,universe/JNJ/2026-07-01.parquet,ok,,robust,essvi,essvi,curve=essvi;prep=0;score=1;calendar_floor=1;query_tier=0;deam_cache=1,0,325,0.86729166666666668,0.2857142857142857,0.58192709063365178,0.025148471213436111,2,40,1.2113687861636087,84,0,0,0,32,1260,955,866,89,64,0,64,0,0.00044276090675055002,0.27574148121206576,0.87083074446385922,7.2088069785869457e-05,0.012095421519154659,0.034624451880647333,3.9321598216254458e-06,0.00088287853652395994,0.0013124489231301942,0.017106950294305534,8.2495922671376203,122.38059135822266,0.0051323317444058603,2.1249466379875201,6.7664454641827234,0,0,0,1,0,64,39,24,1,0.609375,0.375,0.90680628272251307,0.025130890052356022,0.01,0.0050000000000000001,1.0000000000000001e-05,64,64,commit,0,0.073903002309468821
JPM,universe/JPM/2026-07-01.parquet,ok,,fast,essvi,essvi,curve=essvi;prep=0;score=1;calendar_floor=1;query_tier=0;deam_cache=1,0,624,0.99519230769230771,0.92307692307692313,0.095514428233883189,0.0060930640547237503,1,2,0.32369221508295354,99,0,0,0,32,1904,1593,1425,168,64,0,64,0,0.0013318029266145004,0.60319414090898249,0.96058066577313639,1.747882230007658e-05,0.013846615720052635,0.03980248494001104,4.1407516701211363e-07,0.00046718002069298312,0.0033186236212685858,0.0056951400356100024,1.1789742962958591,4.9483093562594611,0.00469912065096878,3.2871327269861856,6.0816325277112586,0,0,0,3,0,64,40,28,1,0.625,0.4375,0.89453860640301319,0.017576898932831136,0.01,0.0050000000000000001,1.0000000000000001e-05,64,64,commit,0,0.044912280701754383
KLAC,universe/KLAC/2026-07-01.parquet,ok,,robust,svi,svi,curve=svi;prep=0;score=1;calendar_floor=1;query_tier=0;deam_cache=1,0,511,0.76410934744268078,0,1.9847511805884837,0.051531496629232752,4,149,10.209993604797383,0,1,0,0,0,2468,2268,1538,730,64,0,64,0,0.022521525990484292,0.36511151497145988,0.69475600703947293,0.00049854113682290535,0.0036653088937361744,0.0075295334879887932,8.5856810732309885e-06,6.8409855126922142e-05,0.0010401914696723954,0.12721356895947622,1.734915894226873,2.3752861931878044,0.043832184969168964,0.93514107846925354,1.2567859987824335,0,0,0,0,0,64,21,6,1,0.328125,0.09375,0.67813051146384484,0.0026455026455026454,0.01,0.0050000000000000001,1.0000000000000001e-05,64,64,commit,0,0.041612483745123538
KO,universe/KO/2026-07-01.parquet,ok,,robust,essvi,essvi,curve=essvi;prep=0;score=1;calendar_floor=1;query_tier=0;deam_cache=1,0,324,0.92109627095433821,0.75,0.59953488040067926,0.041953110515439228,17,8,0.25950088249408232,84,0,0,0,32,916,782,761,21,64,0,64,0,0.0006232311661120149,0.34054972762485747,1.8576009015984809,0.00011927336496488951,0.020817393624298242,0.070605272341954128,5.114296987674934e-05,0.0029841951404448522,0.0088999305239709382,0.013637821444034248,0.91461352364798021,1.717168768024848,0.011839267231753992,2.5112019990426244,9.2329429880398663,0,0,3,4,0,64,43,20,1,0.671875,0.3125,0.97314578005115093,0.02557544757033248,0.01,0.0050000000000000001,1.0000000000000001e-05,64,64,commit,0,0.084099868593955324
LITE,universe/LITE/2026-07-01.parquet,ok,,robust,essvi,essvi,curve=essvi;prep=0;score=1;calendar_floor=1;query_tier=0;deam_cache=1,0,2305,0.97815636579486998,0.6160714285714286,0.082659385793095771,0.023959309323988476,11,36,1.9070155075229547,53,0,0,0,32,5270,4940,4214,726,64,0,64,0,0.051728458077697326,2.1697169242280552,3.8261570362200246,0.00049756828481541115,0.0027217219599907638,0.0065905011559937998,3.7202473534793043e-06,4.4279481087222618e-05,0.00019393007802231355,0.41237437376520347,3.2494679777395845,4.2918695227310764,0.12589543115215562,3.5969416700190777,4.9398675097231148,0,0,0,0,0,64,15,8,1,0.234375,0.125,0.85303643724696354,0.0016194331983805667,0.01,0.0050000000000000001,1.0000000000000001e-05,64,64,commit,0,0.015187470336971999
LLY,universe/LLY/2026-07-01.parquet,ok,,robust,svi,svi,curve=svi;prep=0;score=1;calendar_floor=1;query_tier=0;deam_cache=1,0,582,0.99408284023668636,0.92307692307692313,0.083760230022895329,0.0041210179403756023,1,0,2.9578754024603455,0,1,0,0,0,3912,3404,2678,726,64,0,64,0,4.0483882912667468e-10,1.0791780121589909,2.1853640522281239,2.1600040775449081e-06,0.0081097167080667054,0.012333293408126861,1.4815770006562472e-08,0.00023691481352548153,0.0012056432868153353,0.0045496493927430492,5.5962774530920569,30.478516254696054,0.00031802408727799047,3.8678941631518455,21.203769518333274,0,0,1,2,0,64,39,35,1,0.609375,0.546875,0.7867215041128085,0.010282021151586369,0.01,0.0050000000000000001,1.0000000000000001e-05,64,64,commit,0,0.023898431665421958
LRCX,universe/LRCX/2026-07-01.parquet,ok,,robust,essvi,essvi,curve=essvi;prep=0;score=1;calendar_floor=1;query_tier=0;deam_cache=1,0,921,0.90310302126838538,0.33333333333333331,0.34399873735573261,0.046291069535919833,15,87,2.6875292598937754,82,0,0,0,32,2572,2207,1492,715,64,0,64,0,2.3374160349476369e-06,0.034107873241239872,0.28087091753687332,1.2836199680468785e-06,0.0010290577296214742,0.0047947132952101956,1.1442310534183833e-08,0.00010264171351031647,0.00082375581021688524,0.0074451466194105365,0.14315698446827696,0.51985571477275982,7.4409774452277588e-05,0.22910898911908362,0.9377421238454815,0,0,0,0,0,64,54,37,1,0.84375,0.578125,0.67603081105573182,0.016764839148164928,0.01,0.0050000000000000001,1.0000000000000001e-05,64,64,commit,0,0.042895442359249331
MA,universe/MA/2026-07-01.parquet,ok,,robust,c8-event,c8-event,curve=c8-event;prep=0;score=1;calendar_floor=1;query_tier=0;deam_cache=1,0,392,0.42948717948717946,0,12.422623798751959,0.041526898228278271,0,234,13.042251941498364,0,1,0,0,0,2348,1978,1716,262,64,0,64,0,0.00024890629235052586,0.44026198817918782,2.2753472021511243,3.145741743481624e-05,0.011467835895539957,0.015106595896674291,7.6137634315127868e-07,0.00078079171705679575,0.0015243951409593393,0.0068908213848501987,3.6067316991492433,9.3804657485479339,0.016983807656855809,5.8417046001861586,21.73404954777169,0,0,1,4,0,64,36,32,1,0.5625,0.5,0.86754297269969671,0.016177957532861477,0.01,0.0050000000000000001,1.0000000000000001e-05,64,64,commit,0,0.037296037296037296
MELI,universe/MELI/2026-07-01.parquet,ok,,robust,convex-dense,convex-dense,curve=convex-dense;prep=0;score=1;calendar_floor=1;query_tier=0;deam_cache=1,0,759,0.98347472605160835,0.82608695652173914,0.064524054373658449,0.0057200925690376603,0,9,9.8876776938968405,0,1,0,0,0,4182,3727,3202,525,64,0,64,0,0.00088993767190292949,1.8606282807547814,5.9452066370154171,4.2439156653362176e-06,0.010658863995795964,0.015292943406053583,1.786989639537568e-07,0.00010626074543281194,0.00083717279010280476,0.0085234070272690587,1.7843185565176327,52.081232252539003,0.0048887390272440712,12.999283123417037,24.203802259359122,0,0,1,2,0,64,33,32,1,0.515625,0.5,0.85913603434397634,0.0085859940971290578,0.01,0.0050000000000000001,1.0000000000000001e-05,64,64,commit,0,0.019987507807620236
META,universe/META/2026-07-01.parquet,ok,,fast,essvi,essvi,curve=essvi;prep=0;score=1;calendar_floor=1;query_tier=0;deam_cache=1,0,2475,0.94469345266019478,0.6330275229357798,0.46188526468718072,0.040157657866784296,105,33,0.46766002467637691,38,0,0,0,32,6762,5856,4833,1023,64,0,64,0,0.001609139706680196,1.434182409372454,4.4107573154007014,9.0851666258218167e-05,0.014001980716560336,0.028751341928372476,6.6771522340422843e-06,0.00058163456933016183,0.0021842328278028791,0.091588757976268198,28.621149183963919,536.47504765512303,0.01026036489496418,3.8528086542301025,9.4617553284739984,0,0,2,8,0,64,33,28,1,0.515625,0.4375,0.82530737704918034,0.0047814207650273225,0.01,0.0050000000000000001,1.0000000000000001e-05,64,64,commit,0,0.01324229257190151
MRVL,universe/MRVL/2026-07-01.parquet,ok,,robust,c8-event,c8-event,curve=c8-event;prep=0;score=1;calendar_floor=1;query_tier=0;deam_cache=1,0,472,0.86716163167776061,0.047619047619047616,2.6356352691981049,0.012541291645957428,13,53,2.5439732224755929,0,1,0,0,0,2768,2653,1893,760,64,0,64,0,0.00042438049277393475,0.024698395467837031,0.10346162096092826,3.3637216303006312e-05,0.0014953181054103704,0.0033800898440581317,2.4400833373039465e-06,0.00010859005690967466,0.0011017868557394194,0.012679856644503218,0.2345584040765516,8.9174222329796624,0.0095979176674880762,0.54739851487896685,1.7632630706952455,0,0,0,1,0,64,43,27,1,0.671875,0.421875,0.71353185073501701,0.010177157934413872,0.01,0.0050000000000000001,1.0000000000000001e-05,64,64,commit,0,0.033808769149498152
MSFT,universe/MSFT/2026-07-01.parquet,ok,,fast,essvi,essvi,curve=essvi;prep=0;score=1;calendar_floor=1;query_tier=0;deam_cache=1,0,1576,0.9573346711409414,0.57499999999999996,0.34235013195724806,0.025771570731781185,32,19,0.13335454653752954,19,0,0,0,32,3648,3400,3336,64,64,0,64,0,1.395574832940838e-05,0.57863287979921552,1.2749627777875503,1.1396819833565941e-05,0.0089132965373925899,0.014768491744682422,4.0519075612029803e-07,0.00074569435954701031,0.0026421465619637357,0.013466094108803617,24.599066631833782,270.5656227690888,0.00047441101307299505,5.0467329537979424,24.18740544217971,0,0,2,5,0,64,38,34,1,0.59375,0.53125,0.98117647058823532,0.01,0.01,0.0050000000000000001,1.0000000000000001e-05,64,64,commit,0,0.019184652278177457
MSTR,universe/MSTR/2026-07-01.parquet,ok,,robust,essvi,essvi,curve=essvi;prep=0;score=1;calendar_floor=1;query_tier=0;deam_cache=1,0,1547,0.77556478333028223,0.093457943925233641,4.8540677303620035,0.096468584509788749,134,250,1.7188992985661757,68,0,0,0,32,3680,3387,1496,1891,64,0,64,0,0.0042534558653315457,0.11567043857762371,0.21822967390750136,0.00035881509070412321,0.0048545291483061415,0.0057788776297184041,2.6922737645800748e-05,0.00043174952045013214,0.0062022990638834954,0.033958070090434944,0.62879125441882167,1.0554436165647871,0.0073722026466054302,0.13543595569188138,0.63173247140955624,0,0,0,0,0,64,33,11,1,0.515625,0.171875,0.44168881015648065,0.0032477118393858871,0.01,0.0050000000000000001,1.0000000000000001e-05,64,64,commit,0,0.042780748663101602
MU,universe/MU/2026-07-01.parquet,ok,,robust,essvi,essvi,curve=essvi;prep=0;score=1;calendar_floor=1;query_tier=0;deam_cache=1,0,4867,0.72558868851547009,0.099137931034482762,3.7470057543149617,0.073791052942595692,475,787,20.373150885061051,38,0,0,0,32,11160,10447,7033,3414,64,0,64,0,5.271052367561424e-05,0.44078972594525112,0.76820208799063039,1.0764593064704897e-06,0.0025430977564611101,0.0067719194217529255,8.0506350956348338e-09,0.00013903263486732389,0.00027274661172686576,0.037387656104343137,4.5367825418016992,85.859400416854143,0.00036456896888381607,4.9668191692346113,15.37206987023194,0,0,0,1,0,64,37,33,1,0.578125,0.515625,0.67320761941227147,0.0031588015698286588,0.01,0.0050000000000000001,1.0000000000000001e-05,64,64,commit,0,0.0090999573439499506
NBIS,universe/NBIS/2026-07-01.parquet,ok,,robust,c8-event,c8-event,curve=c8-event;prep=0;score=1;calendar_floor=1;query_tier=0;deam_cache=1,0,130,0.98484848484848486,0.90909090909090906,0.049293949702040284,0.0036409388425409418,1,0,0.19991129724382972,0,1,0,0,0,2294,2238,640,1598,64,0,64,0,3.9915577062288321e-05,0.025765581010659844,0.057860812129121086,7.4422991402922634e-07,0.0010421267877791518,0.0020126297621637645,7.7540564758990516e-09,7.835231466772727e-05,0.00012910995497137615,0.00022472057791844691,0.10962803579121783,0.28490387038470999,0.00046448746863347878,0.48572131118016415,0.8914888151015532,0,0,0,0,0,64,53,39,1,0.828125,0.609375,0.28596961572832885,0.017426273458445041,0.01,0.0050000000000000001,1.0000000000000001e-05,64,64,commit,0,0.10000000000000001
NFLX,universe/NFLX/2026-07-01.parquet,ok,,robust,svi,svi,curve=svi;prep=0;score=1;calendar_floor=1;query_tier=0;deam_cache=1,0,784,0.53361333927510401,0,25.620986496058332,0.033146412555857013,10,255,2.0845594264559848,0,1,0,0,0,3698,2960,2057,903,64,0,64,0,1.2948604816451735e-05,0.22805108553111353,0.69468273629030364,1.5785944205752578e-05,0.013539984876386968,0.033644911949315404,2.6156245682729774e-05,0.0033703960309666089,0.019036879817795425,0.0033945804432775617,3.1582725892388295,54.194557019291267,0.0019468379784466638,0.52968654611906629,1.7242864871293548,0,0,1,4,0,64,45,31,1,0.703125,0.484375,0.69493243243243241,0.010472972972972974,0.01,0.0050000000000000001,1.0000000000000001e-05,64,64,commit,0,0.031113271754982984
NOK,universe/NOK/2026-07-01.parquet,ok,,robust,essvi,essvi,curve=essvi;prep=0;score=1;calendar_floor=1;query_tier=0;deam_cache=1,0,381,0.74943713968389591,0.034482758620689655,12.965767933771053,0.077483572631514314,28,93,0.36403640679456661,88,0,0,0,32,1112,943,645,298,64,0,64,0,0.00065496363256123402,0.016363524195011081,0.024767977666259711,0.00020269428010527557,0.0039771820848684136,0.0055750010155505292,7.8946953366954703e-05,0.0037938628514579409,0.0074505182018756028,0.0032953269383473316,0.084526425924197568,0.54348301796711307,0.0019568066498258929,0.065176886592610117,0.19440509701625341,0,0,0,2,0,64,48,12,1,0.75,0.1875,0.68398727465535525,0.012725344644750796,0.01,0.0050000000000000001,1.0000000000000001e-05,64,64,commit,0,0.099224806201550386
NOW,universe/NOW/2026-07-01.parquet,ok,,robust,essvi,essvi,curve=essvi;prep=0;score=1;calendar_floor=1;query_tier=0;deam_cache=1,0,897,0.97451442617666018,0.75,0.22326587731920622,0.041571560901279295,15,2,0.073100081241789044,34,0,0,0,32,2068,1931,1619,312,64,0,64,0,4.0834115783788816e-05,0.047011314725153852,0.24857423496266051,3.1055926227041564e-05,0.0057088992481861833,0.014294516534302693,3.7927391094427776e-06,0.0011150633300263451,0.0083004771570547413,0.0052313994048072132,0.81194626909518774,2.063771403784159,0.00045421515730259543,0.36020467550366453,0.96229216244606386,0,0,3,1,0,64,45,30,1,0.703125,0.46875,0.83842568617296742,0.015535991714137753,0.01,0.0050000000000000001,1.0000000000000001e-05,64,64,commit,0,0.039530574428659669
NVDA,universe/NVDA/2026-07-01.parquet,ok,,fast,essvi,essvi,curve=essvi;prep=0;score=1;calendar_floor=1;query_tier=0;deam_cache=1,0,1574,0.50828130887425615,0.10909090909090909,8.1804848854976306,0.11746080310720952,495,229,0.25147754756972374,19,0,0,0,32,3914,3531,2728,803,64,0,64,0,0.00021910896260331214,0.27311504758785077,0.3270425635470815,1.5927279928535862e-05,0.0079943832765542178,0.043683856694362033,3.8280940534880792e-06,0.0011854803374379422,0.0058177311841699454,0.009113362923002466,7.2718081096369591,130.01059128287898,0.00054182796622037621,2.2644618256268387,11.728431183698575,0,0,2,3,0,64,42,29,1,0.65625,0.453125,0.77258566978193144,0.0082129708297932601,0.01,0.0050000000000000001,1.0000000000000001e-05,64,64,commit,0,0.023460410557184751
ON,universe/ON/2026-07-01.parquet,ok,,robust,essvi,essvi,curve=essvi;prep=0;score=1;calendar_floor=1;query_tier=0;deam_cache=1,0,666,0.99884659746251447,0.98039215686274506,0.054004298452963659,0.031940529491688519,1,0,0.02398064203336785,55,0,0,0,32,1726,1529,1297,232,64,0,64,0,7.9799070123953708e-05,0.067408127224183545,0.20332253106877829,3.231237091450706e-05,0.0054557044033058943,0.010659620191309171,7.7932612973447349e-06,0.00059953109534942144,0.0011224939568520126,0.0079722076314698853,1.0210145901200001,5.8309755337230538,0.0011591569695583726,0.40211721239059606,1.3767077432255874,0,0,0,2,0,64,43,30,1,0.671875,0.46875,0.84826684107259642,0.01962066710268149,0.01,0.0050000000000000001,1.0000000000000001e-05,64,64,commit,0,0.049344641480339242
ORCL,universe/ORCL/2026-07-01.parquet,ok,,robust,essvi,essvi,curve=essvi;prep=0;score=1;calendar_floor=1;query_tier=0;deam_cache=1,0,857,0.82445248506657998,0.21568627450980393,1.9023914605829502,0.039545961114862978,47,89,1.1956646226594692,83,0,0,0,32,2190,1981,1483,498,64,0,64,0,0.0007137409262227834,0.14313226336707885,0.66821598127071979,9.7724740172583369e-05,0.0046439376853864012,0.0071614134472576252,1.2340512780228876e-05,0.0010260914677966528,0.0047961797770719686,0.010268593880212507,0.56794527183080135,9.6146606945649609,0.0074962962609035344,0.63213292727693471,3.5574177172601509,0,0,0,2,0,64,38,26,1,0.59375,0.40625,0.74861181221605255,0.013124684502776375,0.01,0.0050000000000000001,1.0000000000000001e-05,64,64,commit,0,0.04315576534052596
PANW,universe/PANW/2026-07-01.parquet,ok,,robust,essvi,essvi,curve=essvi;prep=0;score=1;calendar_floor=1;query_tier=0;deam_cache=1,0,919,0.68256022959279261,0.03125,14.734630825228477,0.13684586016480352,56,188,9.2589099007505382,113,0,0,0,32,2900,2369,1634,735,64,0,64,0,0.012734195077133137,0.65874570815120137,1.4709263270462714,0.00040722169023973964,0.0067459183853680882,0.010447902413960541,1.1273479045235783e-05,0.00020667264362221518,0.00038596475784214357,0.10522247068001889,3.1277155515480706,18.238069613868888,0.040591689716563906,2.1083975777653521,8.1624977664337166,0,0,3,3,0,64,26,13,1,0.40625,0.203125,0.6897425073870832,0.0054875474883917261,0.01,0.0050000000000000001,1.0000000000000001e-05,64,64,commit,0,0.039167686658506728
PLTR,universe/PLTR/2026-07-01.parquet,ok,,robust,svi,svi,curve=svi;prep=0;score=1;calendar_floor=1;query_tier=0;deam_cache=1,0,819,0.89120554250447226,0.022727272727272728,1.1872363893096995,0.0095989087788213093,41,44,0.19825998771243425,0,1,0,0,0,2456,2349,1730,619,64,0,64,0,0.0001348165631485515,0.07635647017178826,0.1705682874778347,1.8246875872606622e-05,0.0068363027704628765,0.019540587678571697,4.3450677869871779e-06,0.0013216408079137132,0.0088786809619162375,0.0060272826948315483,4.4383529572293901,135.73908939707985,0.00050484492104074796,0.41960545241901115,1.6828850795343904,0,0,1,3,0,64,42,29,1,0.65625,0.453125,0.73648361004682839,0.012345679012345678,0.01,0.0050000000000000001,1.0000000000000001e-05,64,64,commit,0,0.036994219653179193
QCOM,universe/QCOM/2026-07-01.parquet,ok,,robust,essvi,essvi,curve=essvi;prep=0;score=1;calendar_floor=1;query_tier=0;deam_cache=1,0,626,0.77951609730961358,0.13513513513513514,3.8099854085397071,0.045182791215551257,49,83,3.1879108150103752,57,0,0,0,32,1598,1457,1269,188,64,0,64,0,0.00095712883628884526,0.083974918442500268,0.1955513642818687,6.7205479869492102e-05,0.0018421725446392534,0.0040876809471304121,2.6920345419785378e-06,0.00010005681693854964,0.00041473002412867441,0.013689877932861805,0.49527185873410318,10.325310805453519,0.016188487126555628,0.41381772617974288,3.0240112001153818,0,0,0,1,0,64,40,18,1,0.625,0.28125,0.87096774193548387,0.012354152367879203,0.01,0.0050000000000000001,1.0000000000000001e-05,64,64,commit,0,0.050433412135539799
RGTI,universe/RGTI/2026-07-01.parquet,ok,,robust,essvi,essvi,curve=essvi;prep=0;score=1;calendar_floor=1;query_tier=0;deam_cache=1,0,430,0.99819819819819811,0.97297297297297303,0.095248902408062219,0.040725297981077595,1,0,0.0019877982862434029,48,0,0,0,32,1222,1057,825,232,64,0,64,0,0.00089995535059017584,0.021287408508449346,0.039564843951135575,0.00029361856988796564,0.0028541553485003091,0.012012821275182661,0.00011308558344064537,0.0013614920726225527,0.010151044147010447,0.0065274771688712541,0.12662274289893283,0.38099753886544718,0.0019090924945732723,0.03893399279699139,0.14329581126103363,0,0,1,0,0,64,46,14,1,0.71875,0.21875,0.78051087984862821,0.013245033112582781,0.01,0.0050000000000000001,1.0000000000000001e-05,64,64,commit,0,0.077575757575757576
RKLB,universe/RKLB/2026-07-01.parquet,fit_error,NotFound: select_curve: no common prepared holdout keys,robust,,,,,,,,,,,,,,,,,,,0,0,0,0,0,0,0,,,,,,,,,,,,,,,,0,0,0,0,0,0,0,0,,,,,,0.01,0.0050000000000000001,1.0000000000000001e-05,64,64,commit,0,
SHOP,universe/SHOP/2026-07-01.parquet,ok,,robust,essvi,essvi,curve=essvi;prep=0;score=1;calendar_floor=1;query_tier=0;deam_cache=1,0,627,0.9924045915324986,0.92500000000000004,0.15737784652023287,0.051034815204951872,5,0,0.0098600781181927607,53,0,0,0,32,1470,1362,1261,101,64,0,64,0,2.8421709430404007e-14,0.078201590242578334,0.21103515501016545,2.6642102039786675e-06,0.0041395965654624778,0.010736940699415776,9.7428303331287269e-08,0.00083274485848961908,0.0013702140196144678,0.0025525949929630087,4.104411920165262,6.9784905350621367,1.4401485976398704e-05,0.55094600891426515,1.4832988046503104,0,0,0,3,0,64,46,37,1,0.71875,0.578125,0.92584434654919234,0.027165932452276064,0.01,0.0050000000000000001,1.0000000000000001e-05,64,64,commit,0,0.050753370340999207
SMCI,universe/SMCI/2026-07-01.parquet,ok,,robust,essvi,essvi,curve=essvi;prep=0;score=1;calendar_floor=1;query_tier=0;deam_cache=1,0,699,0.87620296594629965,0.20454545454545456,7.1274613814543706,0.041297113922398918,38,61,0.29458887593850536,52,0,0,0,32,1736,1567,1096,471,64,0,64,0,0.0005474684633419713,0.046167471233548696,0.1334620553770165,0.00014709983023047934,0.0023652606041385527,0.0097532804048933164,2.0225765770522097e-05,0.00061864610628106775,0.010670705890149687,0.0040970976814360682,0.087931570487855382,0.26952428484162994,0.0013852324593184306,0.11487646227148929,0.22149060870819426,0,0,0,0,0,64,46,19,1,0.71875,0.296875,0.69942565411614555,0.012125079770261647,0.01,0.0050000000000000001,1.0000000000000001e-05,64,64,commit,0,0.058394160583941604
SNDK,universe/SNDK/2026-07-01.parquet,ok,,robust,essvi,essvi,curve=essvi;prep=0;score=1;calendar_floor=1;query_tier=0;deam_cache=1,0,6121,0.85599943020973657,0.25391849529780564,4.9134613742152755,0.054439811798203543,356,610,34.695739280560289,69,0,0,0,32,12924,12583,9396,3187,64,0,64,0,3.3409458865207853e-05,0.28369265664014165,0.48630173633250706,1.0943520842299215e-06,0.001046197694119344,0.0026837524281847353,3.3529661677342282e-09,1.1816417572446344e-05,0.00014459711240218817,0.038310892939421137,1.2661535366646604,4.7129303551689112,0.00028412604319782986,2.8671486288144479,15.422472597796286,0,0,0,0,0,64,37,32,1,0.578125,0.5,0.74672176746403873,0.002543113724866884,0.01,0.0050000000000000001,1.0000000000000001e-05,64,64,commit,0,0.0068114091102596851
SNOW,universe/SNOW/2026-07-01.parquet,ok,,robust,essvi,essvi,curve=essvi;prep=0;score=1;calendar_floor=1;query_tier=0;deam_cache=1,0,780,0.86586608558444877,0.27586206896551724,2.4862053840934815,0.044512430252088314,30,58,4.4885109594232313,133,0,0,0,32,2034,1797,1430,367,64,0,64,0,0.0035761133309191173,0.43162472938561791,0.81187791832533662,0.00021968703947308765,0.0036991827637194996,0.0060983852372393788,9.2372678627426676e-06,0.00018273819936829878,0.0014080583978580369,0.063342520094344934,1.8839074451930564,3.024105649497665,0.020009351875572179,0.91632189353047977,1.4461014511876158,0,0,1,1,0,64,34,13,1,0.53125,0.203125,0.79577072899276569,0.0072342793544796884,0.01,0.0050000000000000001,1.0000000000000001e-05,64,64,commit,0,0.044755244755244755
SPY,spy/SPY_2026-02-12T1435Z.parquet,ok,,hft,linear-variance,linear-variance,curve=linear-variance;prep=0;score=0;calendar_floor=0;query_tier=0;deam_cache=0,0,1640,0,0,0,0,0,0,0,261,0,0,0,32,12040,11340,11340,0,64,0,64,0,0.0066733019979210439,0.79082436927603794,2.3646478640108626,0.00013321875622901997,0.032543338698974633,0.079681943861928728,2.2027026466927592e-06,0.0011964596338456621,0.002871172912077963,0.037182575189746103,19.091468673251939,294.92660548148336,0.0096071663426400278,5.9587637626901255,15.569677827151907,0,1,3,5,0,53,31,15,0.828125,0.484375,0.234375,1,0.0013227513227513227,0.01,0.0050000000000000001,1.0000000000000001e-05,64,64,commit,0,0.0056437389770723108
SPY,spy/SPY_2026-02-12T1700Z.parquet,ok,,hft,linear-variance,linear-variance,curve=linear-variance;prep=0;score=0;calendar_floor=0;query_tier=0;deam_cache=0,0,1592,0,0,0,0,0,0,0,249,0,0,0,32,12040,11119,10891,228,64,0,64,0,0.013787517983775199,0.87333952324217989,3.4623004730971729,0.0002972307104921329,0.023552022116461901,0.07362289920575904,5.2676543636121127e-06,0.0019382360115800428,0.0043350019048131643,0.052574801334835719,11.729330207705448,29.055629904474792,0.089908149325367503,4.9076596447456637,22.204899991017896,0,2,2,5,0,48,27,13,0.75,0.421875,0.203125,0.97949455886320713,0.0011691698893785412,0.01,0.0050000000000000001,1.0000000000000001e-05,64,64,commit,0,0.0058764117160958586
SPY,spy/SPY_2026-02-12T1955Z.parquet,ok,,hft,linear-variance,linear-variance,curve=linear-variance;prep=0;score=0;calendar_floor=0;query_tier=0;deam_cache=0,0,1589,0,0,0,0,0,0,0,224,0,0,0,32,12040,11391,11163,228,64,0,64,0,0.0089952305378453445,0.67099209770569246,3.6873293148895527,0.00019939314150352327,0.02025651290365571,0.074666120498729893,4.0780661498752628e-06,0.00079836746900841026,0.0032922413996214523,0.052207233251857943,7.8478661812784978,21.101195559772894,0.074969648069101918,5.519634023145386,25.514719958064404,0,1,1,3,0,49,28,12,0.765625,0.4375,0.1875,0.97998419805109294,0.0010534632604687912,0.01,0.0050000000000000001,1.0000000000000001e-05,64,64,commit,0,0.0057332258353489209
SPY,spy/SPY_2026-03-09T1335Z.parquet,ok,,hft,linear-variance,linear-variance,curve=linear-variance;prep=0;score=0;calendar_floor=0;query_tier=0;deam_cache=0,0,1662,0,0,0,0,0,0,0,296,0,0,0,32,12574,11721,11696,25,64,0,64,0,0.02656368815200949,4.4276405795155824,9.3670350490349392,0.00037158215918784744,0.018376215201355905,0.051378664908303784,8.7642813250024911e-06,0.00078123922897555822,0.0030194535980164025,0.37328864543151496,17.207220015317439,39.843387449834886,0.17449772798445906,11.700973495284558,27.866926439627065,0,0,5,7,0,52,21,12,0.8125,0.328125,0.1875,0.9978670761880386,0.0010238034297414896,0.01,0.0050000000000000001,1.0000000000000001e-05,64,64,commit,0,0.0054719562243502051
SPY,spy/SPY_2026-03-09T1600Z.parquet,ok,,hft,linear-variance,linear-variance,curve=linear-variance;prep=0;score=0;calendar_floor=0;query_tier=0;deam_cache=0,0,1662,0,0,0,0,0,0,0,237,0,0,0,32,12574,11745,11723,22,64,0,64,0,0.018092023359166376,4.6262019893681554,10.135677980180446,0.00035524178406898255,0.020918032812859089,0.055436883255405744,6.497017114964667e-06,0.0007045711640903795,0.0030957089072198079,0.086968051540999625,15.646997988116317,89.990367510140331,0.080725213220423253,10.650597896778915,27.835970962724275,0,0,3,7,0,51,26,15,0.796875,0.40625,0.234375,0.99812686249467863,0.001277139208173691,0.01,0.0050000000000000001,1.0000000000000001e-05,64,64,commit,0,0.0054593534078307597
SPY,spy/SPY_2026-03-09T1955Z.parquet,ok,,hft,linear-variance,linear-variance,curve=linear-variance;prep=0;score=0;calendar_floor=0;query_tier=0;deam_cache=0,0,1662,0,0,0,0,0,0,0,209,0,0,0,32,12574,11690,11652,38,64,0,64,0,0.017016747923776165,4.660743310919429,8.2146404457401445,0.00038735514984315073,0.02280029324752697,0.067907387654831397,8.6583154211989635e-06,0.00089830894164798225,0.0034102010714293428,0.35345260616496077,22.424547136541705,40.000291091243241,0.11568116977499426,8.531599990609589,22.111072766928203,0,0,3,6,0,57,23,14,0.890625,0.359375,0.21875,0.99674935842600509,0.0011976047904191617,0.01,0.0050000000000000001,1.0000000000000001e-05,64,64,commit,0,0.0054926192928252664
SPY,spy/SPY_2026-05-27T1335Z.parquet,ok,,hft,linear-variance,linear-variance,curve=linear-variance;prep=0;score=0;calendar_floor=0;query_tier=0;deam_cache=0,0,1702,0,0,0,0,0,0,0,321,0,0,0,32,14190,13622,13622,0,64,0,64,0,0.0054034710563328758,4.1236961115556028,8.5561775572486454,0.00017970047056403704,0.018680440844786816,0.074385943405289701,3.5443861356577809e-06,0.0010208645745547855,0.0041648004789853598,0.098520022171454613,51.599629480643941,146.88947665028377,0.0226044017844068,10.927639038540502,22.192828733372608,0,1,4,5,0,45,31,20,0.703125,0.484375,0.3125,1,0.0014682131845543973,0.01,0.0050000000000000001,1.0000000000000001e-05,64,64,commit,0,0.0046982821905740711
SPY,spy/SPY_2026-05-27T1600Z.parquet,ok,,hft,linear-variance,linear-variance,curve=linear-variance;prep=0;score=0;calendar_floor=0;query_tier=0;deam_cache=0,0,1702,0,0,0,0,0,0,0,349,0,0,0,32,14190,13670,13670,0,64,0,64,0,0.0072155170796909937,4.738031455512953,9.8322298026503177,0.0001886555201928708,0.020906046583888949,0.071328535562489748,3.2975579370157292e-06,0.00079438740687409401,0.0016440901335703381,0.058965071510337808,48.209754514203013,231.84033021364894,0.022297517910482428,15.996968602515992,34.006871080758287,0,1,4,5,0,46,31,20,0.71875,0.484375,0.3125,1,0.001463057790782736,0.01,0.0050000000000000001,1.0000000000000001e-05,64,64,commit,0,0.0046817849305047553
SPY,spy/SPY_2026-05-27T1955Z.parquet,ok,,hft,linear-variance,linear-variance,curve=linear-variance;prep=0;score=0;calendar_floor=0;query_tier=0;deam_cache=0,0,1696,0,0,0,0,0,0,0,325,0,0,0,32,14190,13549,13549,0,64,0,64,0,0.0083824978785358439,4.7499546775135286,11.024863231448876,0.00022701701738206403,0.038499457084152366,0.074453128023831638,2.8663751240609603e-06,0.0014100633310255445,0.0031599517828484079,0.071350290221618096,20.044473581221975,25.279441169707461,0.025657078128390243,13.652520760533402,26.284259465335765,0,1,4,5,0,43,30,14,0.671875,0.46875,0.21875,1,0.0010332865894161932,0.01,0.0050000000000000001,1.0000000000000001e-05,64,64,commit,0,0.0047235958373311685
SPY,spy/SPY_2026-06-05T1955Z.parquet,ok,,hft,linear-variance,linear-variance,curve=linear-variance;prep=0;score=0;calendar_floor=0;query_tier=0;deam_cache=0,0,1680,0,0,0,0,0,0,0,226,0,0,0,32,14014,13586,13586,0,64,0,64,0,0.013862580806691227,5.5210075558865412,13.610288924774125,0.0003203682248889006,0.034710770845258199,0.074371166058513571,4.1395254907646538e-06,0.0012083963005849021,0.0048730697967091343,0.079468266317583414,10.505041690066697,32.101624558429393,0.14123803119587564,19.012848570324309,28.584828874483492,0,0,2,6,0,47,27,16,0.734375,0.421875,0.25,1,0.001177682908876785,0.01,0.0050000000000000001,1.0000000000000001e-05,64,64,commit,0,0.0047107316355071401
STX,universe/STX/2026-07-01.parquet,ok,,robust,svi,svi,curve=svi;prep=0;score=1;calendar_floor=1;query_tier=0;deam_cache=1,0,214,0.77333333333333332,0,1.1062266894702091,0.014251071200550384,0,24,10.928518478673368,0,1,0,0,0,5218,4662,1380,3282,64,0,64,0,0.0011690682026568311,0.21893105904689492,0.31052256356610997,0.00017504996006438567,0.0025523144203321024,0.0028836506764889913,3.9223899877050602e-06,6.0582885505871967e-05,0.00029715278947030008,0.015708868190586145,0.56893212698054185,1.1537060688527845,0.01529895268700443,2.0135225793728182,7.9803264969392558,0,0,0,0,0,64,36,32,1,0.5625,0.5,0.29601029601029599,0.0068640068640068641,0.01,0.0050000000000000001,1.0000000000000001e-05,64,64,commit,0,0.046376811594202899
TER,universe/TER/2026-07-01.parquet,ok,,robust,essvi,essvi,curve=essvi;prep=0;score=1;calendar_floor=1;query_tier=0;deam_cache=1,0,757,0.99503722084367241,0.967741935483871,0.04506762649488804,0.017995863738890196,2,2,0.53884710483238019,55,0,0,0,32,2072,1793,1247,546,64,0,64,0,0,0.052220601195926974,0.090130479173780031,2.0970479298609845e-06,0.00077594749836018551,0.002021644612946169,2.314518999287779e-08,3.8022739081390675e-05,0.00074598797208437798,0.033269289432659832,0.87250665076561518,1.2229258595889689,3.6011886237474755e-05,0.75011538347202134,3.025599401128062,0,0,0,0,0,64,43,33,1,0.671875,0.515625,0.69548243167875068,0.018404907975460124,0.01,0.0050000000000000001,1.0000000000000001e-05,64,64,commit,0,0.051323175621491579
TMO,universe/TMO/2026-07-01.parquet,ok,,robust,essvi,essvi,curve=essvi;prep=0;score=1;calendar_floor=1;query_tier=0;deam_cache=1,0,486,0.81716807194693253,0.29310344827586204,2.2702246904044401,0.03640992850071622,26,79,10.590696799700108,82,0,0,0,32,1618,1306,1187,119,64,0,64,0,1.1368683772161603e-13,0.57299895895567943,3.2333055637707844,4.4610379920095866e-06,0.0093836242854338225,0.014610396147355376,1.5624436091807303e-07,0.00026792990225526473,0.00078135474770458287,0.010301960255887366,3.5126594755110716,24.990843990676812,0.00030415814316597789,7.1939354661786439,33.184825602926566,0,0,2,2,0,64,37,34,1,0.578125,0.53125,0.90888208269525272,0.026033690658499236,0.01,0.0050000000000000001,1.0000000000000001e-05,64,64,commit,0,0.053917438921651219
TSLA,universe/TSLA/2026-07-01.parquet,ok,,fast,essvi,essvi,curve=essvi;prep=0;score=1;calendar_floor=1;query_tier=0;deam_cache=1,0,2497,0.47111862603964211,0.099337748344370855,10.534299492169318,0.10670242236686456,940,478,1.4420223007724147,9,0,0,0,32,5824,5409,4197,1212,64,0,64,0,5.8841820305133297e-15,0.72347012819813017,1.4253323393022583,6.9201679669915472e-06,0.011696521007141136,0.022185524013090707,2.4790324315137474e-07,0.00058984801169650034,0.0020426715498302033,0.04991562187279186,37.536792469345471,416.2052441187443,0.00019111731302245971,4.6973361705290841,17.470250486968268,0,0,0,3,0,64,39,33,1,0.609375,0.515625,0.77592900721020519,0.0061009428729894618,0.01,0.0050000000000000001,1.0000000000000001e-05,64,64,commit,0,0.015248987371932332
TSM,universe/TSM/2026-07-01.parquet,ok,,robust,svi,svi,curve=svi;prep=0;score=1;calendar_floor=1;query_tier=0;deam_cache=1,0,672,0.86458333333333337,0,1.5202749413738135,0.011333671488837245,8,24,2.1182897544236567,0,1,0,0,0,2540,2488,1876,612,64,0,64,0,0.00010448520905065317,0.1225443340764798,0.46512033312231438,5.4475977412926646e-06,0.0029468959160793284,0.0066729068105157996,1.3336350175786231e-07,0.00011981154256271074,0.00031734924872873485,0.0081634416663955989,0.57332308004421861,17.289237006187513,0.00095542939958059847,1.1897067322769885,5.4238419709150207,0,0,0,1,0,64,47,30,1,0.734375,0.46875,0.75401929260450162,0.012057877813504822,0.01,0.0050000000000000001,1.0000000000000001e-05,64,64,commit,0,0.034115138592750532
TXN,universe/TXN/2026-07-01.parquet,ok,,robust,essvi,essvi,curve=essvi;prep=0;score=1;calendar_floor=1;query_tier=0;deam_cache=1,0,719,0.99376543209876544,0.92500000000000004,0.084493388076370496,0.030682260337854931,0,4,0.29473663715295184,40,0,0,0,32,1954,1696,1462,234,64,0,64,0,0.0037298090532900119,0.40125690551411708,0.64157938083019417,0.00023043137080930309,0.0045221051877655238,0.0089481540706074503,9.0888045770256415e-06,0.00013577143600753002,0.00090097991484827244,0.05624416107225727,9.6383795881290126,370.79483208045394,0.021964516069719053,0.91670209317418028,1.9819972576992555,0,0,0,1,0,64,33,18,1,0.515625,0.28125,0.86202830188679247,0.010613207547169811,0.01,0.0050000000000000001,1.0000000000000001e-05,64,64,commit,0,0.043775649794801641
UBER,universe/UBER/2026-07-01.parquet,ok,,robust,essvi,essvi,curve=essvi;prep=0;score=1;calendar_floor=1;query_tier=0;deam_cache=1,0,457,0.98149123360698309,0.87096774193548387,0.22909237652174583,0.033626021218844115,7,1,0.024078041145425999,39,0,0,0,32,1124,1019,984,35,64,0,64,0,2.7983397750119821e-06,0.15745844290856326,1.4852051470025458,5.8600940194830642e-06,0.0052045596790694093,0.029506908973012003,5.3349757732704117e-07,0.0012380143311775758,0.0069968657584090583,0.00036324806962895195,0.4734548894516637,2.7757039200346334,3.1542089345748536e-05,0.32260965534150188,2.1799442563929503,0,0,1,2,0,64,47,35,1,0.734375,0.546875,0.96565260058881253,0.034347399411187439,0.01,0.0050000000000000001,1.0000000000000001e-05,64,64,commit,0,0.065040650406504072
UNH,universe/UNH/2026-07-01.parquet,ok,,robust,essvi,essvi,curve=essvi;prep=0;score=1;calendar_floor=1;query_tier=0;deam_cache=1,0,767,0.82885519682867437,0.33333333333333331,0.97559234185995602,0.048118253419954099,38,101,2.8419683448678796,72,0,0,0,32,2096,1815,1480,335,64,0,64,0,0.010203508356427804,0.77950390150017768,2.1396029313516181,0.00036999535111736925,0.0075478120903729184,0.013955157141626984,8.8360813631405306e-06,0.00018856957744752185,0.00047106691119361857,0.14586094213132839,13.758259348327581,227.25936382689633,0.071306612932630742,2.3475170979425855,12.947983869093093,0,0,0,2,0,64,29,10,1,0.453125,0.15625,0.81542699724517909,0.0055096418732782371,0.01,0.0050000000000000001,1.0000000000000001e-05,64,64,commit,0,0.043243243243243246
V,universe/V/2026-07-01.parquet,ok,,robust,essvi,essvi,curve=essvi;prep=0;score=1;calendar_floor=1;query_tier=0;deam_cache=1,0,719,0.42095963146841697,0.020408163265306121,7.4679336411890631,0.033855971507491325,25,416,8.5840677711341744,97,0,0,0,32,1932,1685,1619,66,64,0,64,0,6.921934258098672e-05,0.41236603553653595,1.5603204019768668,1.5235852881489986e-05,0.014369770574309659,0.030553690396749822,1.0060866997303589e-06,0.0012113976610916097,0.0023031353426857405,0.0079063751039822883,2.970138146224599,147.38050754795233,0.0016974278918908681,3.2084358635883916,14.96866103702331,0,0,3,2,0,64,42,30,1,0.65625,0.46875,0.96083086053412459,0.017804154302670624,0.01,0.0050000000000000001,1.0000000000000001e-05,64,64,commit,0,0.039530574428659669
VRT,universe/VRT/2026-07-01.parquet,ok,,robust,c8-event,c8-event,curve=c8-event;prep=0;score=1;calendar_floor=1;query_tier=0;deam_cache=1,0,152,1,1,0.016376758269993717,0.0020306525094931911,0,0,0,0,1,0,0,0,1858,1654,490,1164,64,0,64,0,9.4311232601285155e-05,0.040043287283623386,0.06307065755774488,5.4140633694188534e-05,0.0021941877120983388,0.0050679240567346184,6.7111585731192188e-06,0.00028914078758162352,0.0018746769663811017,0.00086702663026017035,0.11623253888952689,0.32992364913012295,0.00043076880051273747,1.7147024456910955,2.9129165262768311,0,0,0,0,0,64,40,32,1,0.625,0.5,0.2962515114873035,0.019347037484885126,0.01,0.0050000000000000001,1.0000000000000001e-05,64,64,commit,0,0.1306122448979592
WDC,universe/WDC/2026-07-01.parquet,ok,,robust,essvi,essvi,curve=essvi;prep=0;score=1;calendar_floor=1;query_tier=0;deam_cache=1,0,1698,0.69664424777582279,0.11320754716981132,13.715616619932131,0.19194615241523139,92,416,56.715280453725455,118,0,0,0,32,4284,3840,2503,1337,64,0,64,0,0.0016928956177224563,0.11542487029521453,0.35694260805229305,4.7735450526498191e-05,0.0022293075768475279,0.0037102055982933813,7.6798233566034019e-07,6.2064690281965072e-05,0.00036842964446194066,0.066864490448210745,1.0122099925746966,1.287607951818579,0.0084977725362449519,1.0923035128024594,4.6590628681198609,0,0,0,0,0,64,39,26,1,0.609375,0.40625,0.6518229166666667,0.0067708333333333336,0.01,0.0050000000000000001,1.0000000000000001e-05,64,64,commit,0,0.02556931681981622
WFC,universe/WFC/2026-07-01.parquet,ok,,robust,c8-event,c8-event,curve=c8-event;prep=0;score=1;calendar_floor=1;query_tier=0;deam_cache=1,0,395,0.0522875816993464,0,21646.296559932482,0.97989355347719942,1,386,16.197326796666626,0,1,0,0,0,1184,1049,606,443,64,0,64,0,0.0066664326641046046,0.12715154013642405,0.32130160411512065,0.00038678643100774346,0.005315111839862996,0.01386617988871941,3.0666340447603642e-05,0.00062533822989462289,0.0022496956714920047,0.030646757602784902,1.5004594690814406,37.02943720770952,0.010261059244491832,0.30681615868964585,0.70001417327826942,0,0,0,0,0,64,27,6,1,0.421875,0.09375,0.57769304099142038,0.0057197330791229741,0.01,0.0050000000000000001,1.0000000000000001e-05,64,64,commit,0,0.10561056105610561
WMT,universe/WMT/2026-07-01.parquet,ok,,fast,essvi,essvi,curve=essvi;prep=0;score=1;calendar_floor=1;query_tier=0;deam_cache=1,0,390,0.97804258945563294,0.90909090909090906,0.18592749071536904,0.012995095609657999,5,2,0.01062730474391671,81,0,0,0,32,1202,991,940,51,64,0,64,0,0.0011380477129552535,0.12172603777169755,1.0108165204495521,0.00024459062937909337,0.0086003582137602619,0.020236765780632882,4.1366322183808424e-05,0.0013777435643138776,0.0034421407678426781,0.013762816648498211,0.77941330709288081,4.1151991124992087,0.010951271749459757,0.84242726204134055,4.9375786284055039,0,0,2,3,0,64,40,23,1,0.625,0.359375,0.94853683148335011,0.023208879919273461,0.01,0.0050000000000000001,1.0000000000000001e-05,64,64,commit,0,0.068085106382978725
XLE,universe/XLE/2026-07-01.parquet,ok,,robust,essvi,essvi,curve=essvi;prep=0;score=1;calendar_floor=1;query_tier=0;deam_cache=1,0,550,0.92875556541274562,0.73913043478260865,0.39249531842239527,0.026134479568056829,19,11,0.37754922815137881,82,0,0,0,32,1720,1410,1388,22,64,0,64,0,0.00026356220199599822,0.1851582991441596,0.34868105563943175,0.00014582847448861742,0.0147801426266847,0.055119077920008697,8.8447248753342755e-06,0.0040514960477200292,0.012561170093828606,0.0034102671292404185,0.57766963856572928,8.3536499851872499,0.00052154773224865009,0.54770957432104883,3.4145494067351834,0,0,2,7,0,64,41,27,1,0.640625,0.421875,0.98439716312056735,0.019148936170212766,0.01,0.0050000000000000001,1.0000000000000001e-05,64,64,commit,0,0.046109510086455328
XLF,universe/XLF/2026-07-01.parquet,ok,,robust,linear-variance,linear-variance,curve=linear-variance;prep=0;score=1;calendar_floor=1;query_tier=0;deam_cache=1,0,482,0.89424609604468808,0.54545454545454541,4.7495121745256243e-05,2.4582876969529977e-05,0,46,0.32938276228831587,0,1,0,0,0,1542,1387,1343,44,64,0,64,0,5.3468152635127719e-06,0.072995991164844121,0.092714682056893594,2.0264729154839678e-05,0.020590623611076442,0.028711190627856986,3.6149964595302148e-06,0.014087223969172585,0.043290746159872932,0.00035467047747306246,0.48300600074465683,2.3270208143423896,0.00026893788815307573,0.41523488100952832,1.4678843573931277,0,0,3,4,0,63,49,30,0.984375,0.765625,0.46875,0.96827685652487383,0.021629416005767843,0.01,0.0050000000000000001,1.0000000000000001e-05,64,64,commit,0,0.047654504839910648
XLI,universe/XLI/2026-07-01.parquet,ok,,robust,essvi,essvi,curve=essvi;prep=0;score=1;calendar_floor=1;query_tier=0;deam_cache=1,0,718,0.98996628074742077,0.94594594594594594,0.17355775492280351,0.027317633355605813,10,0,0.096311283702609524,37,0,0,0,32,1890,1656,1613,43,64,0,64,0,6.9482503306517174e-08,0.14478939769914234,0.34508923044340634,6.1646219362554433e-06,0.0092793156050988146,0.028911891786896349,3.3533503296725997e-07,0.0015239379190421648,0.0052921593276382007,0.00044491470558583046,1.9281759337993947,83.345258616075057,8.992453782497023e-05,1.8797058214272866,15.797005606859358,0,0,2,2,0,64,46,38,1,0.71875,0.59375,0.97403381642512077,0.022946859903381644,0.01,0.0050000000000000001,1.0000000000000001e-05,64,64,commit,0,0.039677619342839428
XLK,universe/XLK/2026-07-01.parquet,ok,,robust,essvi,essvi,curve=essvi;prep=0;score=1;calendar_floor=1;query_tier=0;deam_cache=1,0,993,0.97501879201729025,0.88461538461538458,0.22655407028630054,0.038643784593091805,18,3,0.23166530935499141,42,0,0,0,32,2406,2196,2014,182,64,0,64,0,3.1008084988570772e-11,0.16687578901285605,0.75830131876926998,1.0483015816631358e-05,0.0088664025620706077,0.017058581513729743,5.5482971991760444e-07,0.00072574462971299394,0.0017837924328595106,0.0058868806834677656,11.433296108735025,132.14173435589794,0.00014686413189224368,2.2976980391797781,15.370480268548647,0,0,0,2,0,64,46,33,1,0.71875,0.515625,0.91712204007285969,0.015027322404371584,0.01,0.0050000000000000001,1.0000000000000001e-05,64,64,commit,0,0.031777557100297914
XLV,universe/XLV/2026-07-01.parquet,ok,,robust,essvi,essvi,curve=essvi;prep=0;score=1;calendar_floor=1;query_tier=0;deam_cache=1,0,388,0.97246972885270777,0.91836734693877553,0.21148123077995029,0.016402376117907288,14,1,0.080900830205410418,27,0,0,0,32,1274,1025,1014,11,64,0,64,0,3.9635290605133378e-09,0.53242999589842555,2.2029799174736695,9.2008386937680875e-06,0.016096569741795408,0.033614000104639719,5.2697399913204102e-07,0.0015743011107462318,0.012001371597894326,0.00027531344700904015,19.742104451635011,23.778433757385073,8.422447035094649e-05,2.1612635017526922,8.6839688093205183,0,0,4,6,0,64,46,38,1,0.71875,0.59375,0.98926829268292682,0.037073170731707315,0.01,0.0050000000000000001,1.0000000000000001e-05,64,64,commit,0,0.063116370808678504
XOM,universe/XOM/2026-07-01.parquet,ok,,fast,essvi,essvi,curve=essvi;prep=0;score=1;calendar_floor=1;query_tier=0;deam_cache=1,0,398,0.98247228941891085,0.84848484848484851,0.13215034259169259,0.01157560476249965,1,8,0.62071170389146246,97,0,0,0,32,1284,1040,982,58,64,0,64,0,0.018518519641764541,0.4377575977495809,1.0348580063687649,0.00098858264954537756,0.013205892977427913,0.023401673205270979,7.408019381344947e-05,0.0013095597753264767,0.0048142893244578324,0.067555137722137282,6.4733330331054404,75.056814875630778,0.076474832281562044,1.8494481371872098,2.3950909654319865,0,0,3,8,0,64,25,9,1,0.390625,0.140625,0.94423076923076921,0.0086538461538461543,0.01,0.0050000000000000001,1.0000000000000001e-05,64,64,commit,0,0.065173116089613028
