decision_index,session_ns,planned_turnover,planned_gross,planned_net,contribution_fraction,eligible_names
399,1577923200000000000,0.25000000000000044,0.25000000000000044,-6.2170863075750038e-16,0.91526719759926112,2888
400,1578009600000000000,0.00020076628095241859,0.24979923371904802,0.00020076628095179835,0.9140607002994704,2894
401,1578268800000000000,0.00023110003376278725,0.24956813368528524,0.0001372812133111459,0.91648638513903324,2889
402,1578355200000000000,0,0.24956813368528524,0.0001372812133111459,0.91391522988505725,2900
403,1578441600000000000,0.00043534330614406153,0.24913279037914118,0.00057262451945519195,0.91446914856945882,2901
404,1578528000000000000,0.18893680835197252,0.43551457075269173,0.00052186344199942471,0.91548891186947001,2901
405,1578614400000000000,0.0010933711221318913,0.43442119963055986,0.0016152345641313177,0.91527394900068937,2902
406,1578873600000000000,0.00042655847034236673,0.43399464116021746,0.0020417930344736844,0.91718426501035177,2898
407,1578960000000000000,0.00011435442596918576,0.43388028673424828,0.0021561474604428715,0.91805986441456966,2901
408,1579046400000000000,0.00021702259598998041,0.43366326413825834,0.0023731700564328484,0.9171328169822146,2905
409,1579132800000000000,0.14439907916227029,0.57252011432686356,0.0017242868620301515,0.91470260541652382,2917
410,1579219200000000000,0.00021720159909931108,0.57230291272776423,0.0019414884611294574,0.91244167520200292,2929
411,1579564800000000000,0.00051479128870825566,0.57178812143905589,0.00211490932856182,0.91257110352673487,2930
412,1579651200000000000,2.7817982179415511e-05,0.57176030345687645,0.0021427273107412267,0.91172629187961385,2935
413,1579737600000000000,0.00093722305586047287,0.57082308040101593,0.0026285120077143829,0.91026294911028005,2941
414,1579824000000000000,0.11416133656342542,0.6735301828049608,0.002088543438395471,0.91076589595375712,2941
415,1580083200000000000,0.00071855730937620725,0.67281162549558449,0.0028071007477716518,0.91089024804621166,2943
416,1580169600000000000,0.0012181514112118428,0.67159347408437275,0.0035304255805575736,0.91023845892735911,2946
417,1580256000000000000,5.7893411086118267e-05,0.67153558067328656,0.0035883189916436865,0.91181216032608714,2944
418,1580342400000000000,0.00064939268107785117,0.67088618799220889,0.0042377116727215476,0.91221147318397833,2946
419,1580428800000000000,0.096269721362355981,0.74493952079212855,0.0040599554318686342,0.91307886096014501,2944
420,1580688000000000000,0.0013359569165137546,0.74360356387561488,0.0048386258810922157,0.91342184142065386,2947
421,1580774400000000000,0.0010464927497728605,0.74255707112584191,0.0051084001275185599,0.9146987201268546,2943
422,1580860800000000000,0.001193400274879275,0.74136367085096255,0.005868782192828984,0.91586565725303404,2939
423,1580947200000000000,8.2657364935106472e-05,0.74128101348602737,0.0058634146806754777,0.91398305084745768,2950
424,1581033600000000000,0.084305495984860715,0.79632780831168348,0.0044338576695672378,0.91539375424304137,2946
425,1581292800000000000,0.00044564685864426469,0.79588216145303914,0.0042118984998406129,0.9186805082822781,2938
426,1581379200000000000,0.0016988964538286124,0.79418326499921021,0.0059107949536692118,0.92000879881925512,2936
427,1581465600000000000,0.00038620435818354285,0.79379706064102662,0.0062969993118527409,0.91927437641723364,2940
428,1581552000000000000,1.6026160913751045e-05,0.79378103448011283,0.0063130254727664977,0.92001614547926569,2942
429,1581638400000000000,0.07935401367607231,0.83452559350705424,0.0058756125840451392,0.92072566020627888,2941
430,1581984000000000000,0.00056510598428711339,0.83396048752276719,0.0058503167478101744,0.92226991952850523,2941
431,1582070400000000000,5.8503837792879429e-05,0.83390198368497448,0.0059088205856030526,0.92354740061162077,2943
432,1582156800000000000,0.0013100518716585186,0.83259193181331603,0.0069006858092493552,0.92417742666213609,2943
433,1582243200000000000,0.00057175381250791114,0.83202017800080807,0.0066571088154046033,0.92173042202663069,2954
434,1582502400000000000,0.078948997510924102,0.85969370370818698,0.0061736619156353353,0.92153789675816133,2951
435,1582588800000000000,0.0010947133598120759,0.85859899034837495,0.0071095381948318055,0.92301001357773238,2946
436,1582675200000000000,0.0017114633274274761,0.85688752702094761,0.0082951370223676036,0.92349552762681164,2944
437,1582761600000000000,0.0027413990969218432,0.85414612792402578,0.010994560768119315,0.92149666214075576,2946
438,1582848000000000000,0.0014361559124536172,0.85270997201157195,0.011820369230449716,0.91891090785907892,2952
439,1583107200000000000,0.077864410393209932,0.87691124032073897,0.0091811995470794019,0.9133930574248541,2972
440,1583193600000000000,5.6747658920508817e-05,0.87685449266181836,0.0092379472059999131,0.91060453681975617,2983
441,1583280000000000000,0.00088196495496504243,0.87597252770685341,0.01011991216096496,0.90555555555555534,3000
442,1583366400000000000,0.00079084063533444208,0.87518168707151889,0.010832020473870085,0.9060762730709363,2998
443,1583452800000000000,0.0024795085094471317,0.87270217856207166,0.013301198915129349,0.90536051812319318,2998
444,1583712000000000000,0.081594604801071266,0.88756518422788122,0.012509290868119307,0.90346596596596562,2997
445,1583798400000000000,0.017613262613887275,0.86995192161399337,0.028431576189737573,0.90218676122931463,2961
446,1583884800000000000,0.0013330443146718956,0.86861887729932163,0.029764620504409482,0.89551196065280569,2982
447,1583971200000000000,0.002629710867242588,0.86598916643207891,0.032324149264157005,0.896610905626541,2974
448,1584057600000000000,0.013077825324376529,0.85291134110770273,0.043142898961537973,0.89795498410535879,2936
449,1584316800000000000,0.0845371771191962,0.87106655811247002,0.032966921111476442,0.89022571203422252,2961
450,1584403200000000000,0.0083763562575648667,0.86269020185490508,0.040599282861767012,0.89497863247863252,2925
451,1584489600000000000,0.0094686326600496411,0.85322156919485548,0.04888061034399984,0.88795237282348904,2929
452,1584576000000000000,0.018271812399413005,0.83494975679544248,0.062175875583890816,0.88873650296064122,2871
453,1584662400000000000,0.0024075701645201583,0.83254218663092228,0.064534107305155283,0.87174834927140266,2928
454,1584921600000000000,0.088248784844140643,0.85452807664737573,0.048802785934057152,0.86945627484383869,2935
455,1585008000000000000,0.0027521542223666547,0.85177592242500932,0.048464373922513307,0.87198408624229984,2922
456,1585094400000000000,0.0030928402244832002,0.84868308220052591,0.049256732275985017,0.86442057291666674,2944
457,1585180800000000000,0.00018298855795096167,0.84850009364257495,0.049439720833935975,0.85682773109243693,2975
458,1585267200000000000,0.001010367672851164,0.84748972596972383,0.049260636315355939,0.85355433088399035,2994
459,1585526400000000000,0.086839018137225221,0.86637629351226486,0.037084422677822144,0.85658283199643481,2992
460,1585612800000000000,0.00016066756205658188,0.86621562595020785,0.037245090239878716,0.8626413615496582,2977
461,1585699200000000000,0.0017259234566961797,0.86448970249351142,0.037169603279344161,0.86146741560473961,2982
462,1585785600000000000,0.00094942405132031338,0.86354027844219061,0.037098743326058635,0.87002087564883779,2954
463,1585872000000000000,0.0007407601861771847,0.8627995182560132,0.03669662308746708,0.86833220796758959,2962
464,1586131200000000000,0.089534966552911932,0.87604860148585806,0.029238916499129724,0.87265058876811619,2944
465,1586217600000000000,0.00078398830212143085,0.8752646131837365,0.029096061030085534,0.8641389542044563,2977
466,1586304000000000000,0.00080177667897185121,0.87446283650476475,0.029897837709057327,0.85939932177006906,2998
467,1586390400000000000,0.0016477878033871953,0.87281504870137738,0.031545625512444525,0.85853068712474967,2998
468,1586736000000000000,0.0043218800501547928,0.86849316865122261,0.032812019401678855,0.85742100578549163,2996
469,1586822400000000000,0.087147890321560825,0.87997255102528182,0.025013216649906942,0.85738194444444438,3000
470,1586908800000000000,0.0010188812737081194,0.87895366975157363,0.026032097923615074,0.85787499999999983,3000
471,1586995200000000000,0.0011521448447156708,0.87780152490685814,0.026276099718288978,0.86115510725797473,2999
472,1587081600000000000,0.00014647158109364812,0.87765505332576454,0.026318867023667331,0.86368372790930314,2999
473,1587340800000000000,0.00092597130429562325,0.87672908202146893,0.027244838327962918,0.86958333333333315,3000
474,1587427200000000000,0.092562547915994844,0.88589650002853781,0.020433296736330146,0.87122916666666672,3000
475,1587513600000000000,1.7768875655617589e-05,0.88587873115288229,0.020451065611985765,0.87373568967433612,2999
476,1587600000000000000,0.00084946153574116414,0.88502926961714112,0.021300527147726935,0.87564583333333335,3000
477,1587686400000000000,0.00028620786265567277,0.88474306175448558,0.02148783421288801,0.8769374999999997,3000
478,1587945600000000000,0.00090802713268726466,0.88383503462179835,0.021403387312315791,0.87782733133266666,2999
479,1588032000000000000,0.092567606268359207,0.89088382984103298,0.017631850707121456,0.87667361111111086,3000
480,1588118400000000000,0.00053374006486578342,0.89035008977616714,0.017441226030973204,0.87614583333333318,3000
481,1588204800000000000,0.0029517411345873976,0.88739834864157985,0.020034299234289277,0.87427083333333333,3000
482,1588291200000000000,0.00026282276554098088,0.88713552587603894,0.019779949407816268,0.87550016672224062,2999
483,1588550400000000000,7.7710408013753412e-05,0.8870578154680252,0.019702238999802519,0.87693814604868314,2999
484,1588636800000000000,0.085030391039044403,0.89608864106803077,0.014555471380413632,0.87716738912970971,2999
485,1588723200000000000,0.00082741585075658711,0.89526122521727414,0.01527105161249666,0.88093055555555555,3000
486,1588809600000000000,5.4483808384381509e-05,0.89520674140888989,0.015227848269117003,0.88252777777777802,3000
487,1588896000000000000,0.0018017782954868366,0.89340496311340301,0.016401699398028366,0.88347222222222188,3000
488,1589155200000000000,0.0015893174269786074,0.89181564568642469,0.016558377090221281,0.88440210140093378,2998
489,1589241600000000000,0.075645230691588711,0.90523553349826469,0.012734868389198571,0.88502083333333315,3000
490,1589328000000000000,0.00065175222498122431,0.90458378127328365,0.013383737876165466,0.88520833333333337,3000
491,1589414400000000000,0.00067424954364746616,0.90390953172963606,0.014056069199780544,0.88600000000000012,3000
492,1589500800000000000,0.0012024278743622276,0.90270710385527386,0.015258274483805605,0.8863996332110704,2999
493,1589760000000000000,0.00078963191584836498,0.90191747193942551,0.015896281111099583,0.8866319444444446,3000
494,1589846400000000000,0.067279442210759932,0.9152131512316577,0.012337617901574409,0.88546527777777795,3000
495,1589932800000000000,0.0021341343898595793,0.91307901684179804,0.014471752291434008,0.88573611111111128,3000
496,1590019200000000000,0.0025132071632674607,0.91056580967853051,0.016139141893802764,0.88446527777777784,3000
497,1590105600000000000,0.0010170446882699598,0.90954876499026061,0.016733437308355002,0.88557638888888879,3000
498,1590451200000000000,0.00068974039084253541,0.90885902459941803,0.016602041827689235,0.88615277777777768,3000
499,1590537600000000000,0.064730184596189122,0.92099200472372145,0.013754728571502279,0.8854583333333329,3000
500,1590624000000000000,8.7701745773041012e-05,0.92090430297794845,0.013698528485613926,0.88895138888888903,3000
501,1590710400000000000,0.00061838605257612115,0.92028591692537232,0.013108950684273184,0.89195009447593643,2999
502,1590969600000000000,0.0010079091816995284,0.91927800774367263,0.01356167741461981,0.89196398799599852,2999
503,1591056000000000000,0.0019301006531666728,0.91734790709050584,0.013655843193546799,0.89249888851839509,2999
504,1591142400000000000,0.063539183475367411,0.92789487584544383,0.010699202652901786,0.89106249999999998,3000
505,1591228800000000000,0.0024078871378093022,0.92548698870763446,0.012742778535844733,0.88953472222222219,3000
506,1591315200000000000,0.0012541169188588983,0.92423287178877545,0.012932454423000618,0.89005362898744012,2999
507,1591574400000000000,0.0020528334444962727,0.92218003834427886,0.013818334171363947,0.88926169834389246,2999
508,1591660800000000000,0.0012738795109150335,0.92090615883336391,0.014462869483273289,0.88809722222222232,3000
509,1591747200000000000,0.063932533074808173,0.93043645957277654,0.010775786490838222,0.88832388573969079,2999
510,1591833600000000000,0.00033778269007343526,0.9300986768827032,0.010446026871550568,0.88968055555555536,3000
511,1591920000000000000,0.00065982325673174798,0.92943885362597167,0.010597178555449423,0.89055555555555577,3000
512,1592179200000000000,0.00077295727257464374,0.92866589635339691,0.010125692321027986,0.89210986995665209,2999
513,1592265600000000000,0.00081454309436555631,0.92785135325903134,0.0098280680113011672,0.89327083333333346,3000
514,1592352000000000000,0.069379966075443208,0.93321616807560059,0.0083975937814891131,0.89551378237190193,2999
515,1592438400000000000,0.00093909043374530731,0.93227707764185541,0.0075058618203988504,0.89990277777777772,3000
516,1592524800000000000,0.00040781914087555549,0.9318692585009799,0.0074602651888058067,0.90053472222222231,3000
517,1592784000000000000,0.0021550056519405673,0.92971425284903952,0.0073101780861150028,0.89981382683116573,2999
518,1592870400000000000,0.0014606204346810615,0.92825363241435854,0.0083607695604847217,0.90163194444444417,3000
519,1592956800000000000,0.071218357032343485,0.93413504917579337,0.0062495962555113383,0.90129166666666649,3000
520,1593043200000000000,0.00061674861736350545,0.93351830055842988,0.0067551836006201392,0.9016388888888891,3000
521,1593129600000000000,0.00056198455816286865,0.93295631600026685,0.006831158914909409,0.90176388888888914,3000
522,1593388800000000000,0.002549633338772984,0.93040668266149407,0.0071249083530307931,0.90196364952126495,2994
523,1593475200000000000,0.070028214100838468,0.86037846856065536,0.00930082202306373,0.90210137085137099,2772
524,1593561600000000000,0.069724496029329452,0.88475541147600101,0.0066795802906871411,0.895118537050274,2798
525,1593648000000000000,0.0017472923604891176,0.88300811911551191,0.0084268726511762728,0.89858025797205299,2791
526,1593993600000000000,0.00098308270619359289,0.8820250364093184,0.0082374722293949328,0.89793084915800803,2791
527,1594080000000000000,0.00086903603555168107,0.88115600037376685,0.009106508264946616,0.89925839885632597,2798
528,1594166400000000000,0.00016120294228718363,0.88099479743147957,0.0092677112072337975,0.90221088435374186,2793
529,1594252800000000000,0.06553403010522986,0.90034180949525766,0.0072996517111838174,0.90554011238641818,2788
530,1594339200000000000,0.0013024805426976845,0.89903932895255978,0.0062807523763419928,0.90690805216559012,2786
531,1594598400000000000,0.0028348174115409223,0.89620451154101888,0.0078125972588875461,0.90669509275882665,2785
532,1594684800000000000,0.00079653513998359624,0.89540797640103531,0.0079637837765347778,0.9081476823571687,2783
533,1594771200000000000,0.001208749084032714,0.89419922731700263,0.0081296691233856792,0.90735672409667378,2786
534,1594857600000000000,0.059603787069128909,0.91238218974957885,0.0062512458622618798,0.90477892980574404,2797
535,1594944000000000000,0.00085102494930450624,0.91153116480027441,0.0064194854531754659,0.90673466952994519,2794
536,1595203200000000000,0.00072186955610525677,0.91080929524416909,0.0071413550092807136,0.90661484393614489,2798
537,1595289600000000000,0.0017317760441579531,0.90907751920001101,0.008373528820348284,0.90683779761904781,2800
538,1595376000000000000,0.00070823375114099528,0.90836928544887008,0.008542254636866144,0.90445760598503777,2807
539,1595462400000000000,0.056964051536722148,0.92400993499155415,0.0064066909776500005,0.90673225308642003,2808
540,1595548800000000000,0.00017304862833488608,0.92383688636321926,0.0063198421962459839,0.90680565433854909,2812
541,1595808000000000000,0.0016550743736219258,0.92218181198959737,0.007936735933833575,0.90686143721095691,2811
542,1595894400000000000,0.00077508550423208036,0.92140672648536515,0.0087118214380656703,0.90890697260761244,2811
543,1595980800000000000,4.0181317577892715e-05,0.92136654516778715,0.0087520027556435582,0.90892539964476005,2815
544,1596067200000000000,0.055927105834451096,0.93258790890853038,0.006412755631291722,0.90977655286865811,2812
545,1596153600000000000,0.0013793330767268093,0.93120857583180372,0.0067038155547996048,0.9112618623962041,2810
546,1596412800000000000,0.00092398747024889606,0.93028458836155492,0.007627803025048503,0.91107506813603489,2813
547,1596499200000000000,0.00044507587159247036,0.92983951248996244,0.0072148491908936262,0.91225690738764376,2811
548,1596585600000000000,1.6713186366685699e-05,0.92982279930359557,0.0072315623772603137,0.91128268843923821,2817
549,1596672000000000000,0.054723826701893151,0.93849040291244357,0.0057587440270081107,0.90860904694503419,2826
550,1596758400000000000,0.0024879124415074436,0.93600249047093609,0.007425496485562422,0.90885139922068703,2823
551,1597017600000000000,0.0018625058925980118,0.93413998457833836,0.0071230232333905127,0.91104603005561502,2817
552,1597104000000000000,3.3481387857996764e-05,0.93410650319048039,0.0071565046212485103,0.9103687315634218,2825
553,1597190400000000000,0.0005639242710191644,0.93354257891946135,0.00772042889226767,0.91133292020774326,2824
554,1597276800000000000,0.061419708914377404,0.93949702684521053,0.0068761768674565991,0.91158374645892337,2824
555,1597363200000000000,0.00023637976884195952,0.93926064707636858,0.0071125566362985494,0.91238200589970508,2825
556,1597622400000000000,0.0018448330933704075,0.93741581398299823,0.0083228420366958447,0.91388004246284504,2826
557,1597708800000000000,0.0010546338490003539,0.93636118013399794,0.0088816609798072592,0.91262371862849045,2829
558,1597795200000000000,0.00010997215925826915,0.9362512079747396,0.0089916331390655219,0.91191945914168127,2835
559,1597881600000000000,0.067708012618621444,0.94106115693076242,0.0074695715251924437,0.91167136812411853,2836
560,1597968000000000000,0.0007342031493683571,0.94032695378139419,0.0081288750121053452,0.91270436367913432,2834
561,1598227200000000000,0.00074186946014612274,0.9395850843212481,0.0083611613752683292,0.91539823008849586,2825
562,1598313600000000000,0.0012635465152854321,0.93832153780596272,0.0088653693320876817,0.91648929880572327,2819
563,1598400000000000000,0.00034830592315599341,0.93797323188280679,0.0086967105586546641,0.91874629958555365,2815
564,1598486400000000000,0.072289270534908565,0.94203656936631519,0.0077278650359837962,0.92090747330960854,2810
565,1598572800000000000,0.0010430473554577267,0.94099352201085729,0.0084508058884294867,0.92125919990503324,2808
566,1598832000000000000,0.0020119829143041014,0.93898153909655335,0.0096196579599356555,0.92170435660019012,2808
567,1598918400000000000,0.0010419684061905817,0.93793957069036271,0.010348003103488553,0.92127817319098448,2810
568,1599004800000000000,6.4267894662999717e-05,0.93787530279569975,0.010412270998151552,0.91997870830376138,2818
569,1599091200000000000,0.074695956242478739,0.93981162871989432,0.0096933239588737358,0.91889933759167275,2818
570,1599177600000000000,0.0057153463802024846,0.93409628233969155,0.014433777734381863,0.91885613347583417,2807
571,1599523200000000000,0.0032053639221201039,0.93089091841757143,0.017448683924227232,0.92049791293977323,2795
572,1599609600000000000,0.0029598914105265668,0.92793102700704477,0.01936766448051281,0.92071531014700614,2789
573,1599696000000000000,0.0015102424859170364,0.92642078452112753,0.020877906966429861,0.92092293906810019,2790
574,1599782400000000000,0.069177937388780086,0.93325377073253601,0.01613920517344249,0.92110643505253098,2792
575,1600041600000000000,0.0026393780896677341,0.93061439264286805,0.018083517248212614,0.92287775383141746,2784
576,1600128000000000000,0.0026074951235755249,0.92800689751929233,0.019768337364030164,0.92157786149982057,2787
577,1600214400000000000,0.0010072976780093942,0.92699959984128277,0.019840379561539355,0.92250029954469226,2782
578,1600300800000000000,0.00091806947638680184,0.92608153036489593,0.020428470038830839,0.92260622381807311,2785
579,1600387200000000000,0.070573516741584325,0.93257687512707488,0.015554667713032566,0.92396282327586221,2784
580,1600646400000000000,0.0016819158008504064,0.93089495932622457,0.016852156123633766,0.92169179229480758,2786
581,1600732800000000000,0.0017003336527339973,0.92919462567349043,0.017700697108690312,0.92299160671462843,2780
582,1600819200000000000,0.001838674561029588,0.92735595111246094,0.019539371669719887,0.92452518331530242,2773
583,1600905600000000000,0.0026779630772438175,0.92467798803521717,0.021871598525182116,0.92475304180219264,2767
584,1600992000000000000,0.07243662874462746,0.93120316691965899,0.01763397118339563,0.92370881433381435,2772
585,1601251200000000000,0.0048412467027090025,0.92636192021694974,0.021643389463064457,0.92520553741990097,2757
586,1601337600000000000,0.0016051281287835361,0.92475679208816608,0.022887317276133232,0.92352320675105448,2765
587,1601424000000000000,0.0017380213236526084,0.92301877076451366,0.023923748944841582,0.85582830652368214,2984
588,1601510400000000000,0.00077645881888263851,0.92224231194563111,0.023346869487355641,0.85479396676703479,2989
589,1601596800000000000,0.075304702639651513,0.92486929007497132,0.01711053059725641,0.85297638935293485,2993
590,1601856000000000000,0.0013765031267674724,0.92349278694820403,0.017669884173475505,0.8532333110442436,2991
591,1601942400000000000,0.0022774691211194333,0.92121531782708455,0.018630333214856555,0.84917889296432159,2999
592,1602028800000000000,0.00073145095377693127,0.92048386687330774,0.019361784168633475,0.85029473918362797,2997
593,1602115200000000000,0.0026762047674394516,0.91780766210586828,0.02039338284748669,0.84914943295530321,2998
594,1602201600000000000,0.077440169010596388,0.92032163982932103,0.016907245883345537,0.84864399244192534,2999
595,1602460800000000000,0.0011457368369086778,0.91917590299241259,0.018052982720254192,0.84874819384239186,2999
596,1602547200000000000,0.0016646256340094472,0.9175112773584031,0.019175667651232652,0.84948368960142517,2994
597,1602633600000000000,0.00033528875702697241,0.91717598860137639,0.01951095640825961,0.850197749554367,2992
598,1602720000000000000,0.0004436921958010449,0.9167322964055753,0.019548431453772698,0.85155204149933061,2988
599,1602806400000000000,0.071815741536132377,0.92290837835866468,0.014991625994901827,0.85197038152610427,2988
600,1603065600000000000,0.00044118892697211909,0.92246718943169259,0.015305582052449083,0.85355946398659965,2985
601,1603152000000000000,0.0016922302293712404,0.92077495920232122,0.016360907754276139,0.85357981220657275,2982
602,1603238400000000000,0.0012897288863227452,0.91948523031599849,0.016775525205963687,0.85302051884155206,2981
603,1603324800000000000,0.0020524303083447001,0.91743280000765393,0.018707108445775767,0.85310367013539212,2979
604,1603411200000000000,0.069161697620923071,0.92382062623674532,0.014265391194983996,0.85357202820685052,2978
605,1603670400000000000,0.001193857409264967,0.9226267688274804,0.015459248604248981,0.85520342972427721,2974
606,1603756800000000000,0.00065121436866869182,0.92197555445881141,0.016110462972917662,0.85686546657694029,2972
607,1603843200000000000,0.0018398824644132151,0.92013567199439816,0.017753633460646696,0.87460784313725493,2975
608,1603929600000000000,0.0012238141782262815,0.9189118578161718,0.018977447638872959,0.87647356012125277,2969
609,1604016000000000000,0.074163329377457954,0.92306743631526211,0.015831952701832564,0.87845930560252483,2957
610,1604275200000000000,0.00088383996181531129,0.92218359635344682,0.016713245096440576,0.87724369795183421,2962
611,1604361600000000000,0.001293291408263517,0.92089030494518342,0.01785676838730103,0.87578669363902018,2966
612,1604448000000000000,0.0016786893656936381,0.9192116155794896,0.018783135691677524,0.87403263795423969,2972
613,1604534400000000000,0.00084247470651773761,0.91836914087297195,0.019625610398195253,0.87298387096774177,2976
614,1604620800000000000,0.068566897372804914,0.92581164572313002,0.015836031087095706,0.87002206210902577,2984
615,1604880000000000000,0.00059645323099925254,0.92521519249213091,0.016432484318094961,0.8733462271555108,2973
616,1604966400000000000,0.00023297408469634583,0.92498221840743455,0.016665458402791305,0.86830158199643481,2992
617,1605052800000000000,0.00091058300256024929,0.92407163540487436,0.016110659797485619,0.8663553480097842,2998
618,1605139200000000000,3.9587810593046508e-05,0.92403204759428137,0.016150247608078667,0.86764583333333345,3000
619,1605225600000000000,0.066071508703459431,0.93044375151145442,0.012129896259862218,0.8676666666666667,3000
620,1605484800000000000,0.00133362945580144,0.92911012205565291,0.013093826242035365,0.8669027777777778,3000
621,1605571200000000000,0.0032505874394153297,0.9258595346162376,0.01468769271529906,0.86575464353242115,2997
622,1605657600000000000,0.0002492973909868502,0.92561023722525071,0.014500143531380403,0.86524999999999974,3000
623,1605744000000000000,0.0014152091587866249,0.92419502806646425,0.015915352690167025,0.86439583333333336,3000
624,1605830400000000000,0.069736277403228825,0.92826078130100009,0.013471615535365642,0.86268055555555545,3000
625,1606089600000000000,0.0018620837565126911,0.92639869754448745,0.013638994578405944,0.86160912830776071,2998
626,1606176000000000000,0.00098324317300639064,0.92541545437148109,0.014080270217256512,0.86127083333333299,3000
627,1606262400000000000,0.00068775227802596642,0.92472770209345512,0.014356545381723112,0.86129861111111117,3000
628,1606435200000000000,0.002062765206370931,0.9226649368870844,0.015258960091195668,0.86044444444444446,3000
629,1606694400000000000,0.070409832990838264,0.92670581768256088,0.012136100713394342,0.86052989885517417,2999
630,1606780800000000000,0.00064244716354357905,0.9260633705190171,0.012560594411914759,0.86167861907938637,2998
631,1606867200000000000,0.0010361779605785886,0.92502719255843857,0.011719400762886535,0.8614954984994998,2999
632,1606953600000000000,0.00062828578082684548,0.9243989067776115,0.011981393097320081,0.86104166666666671,3000
633,1607040000000000000,0.00038846729653459379,0.92401043948107708,0.012344108354532099,0.86123611111111131,3000
634,1607299200000000000,0.068573090292725847,0.92943711032174514,0.0089366661924099138,0.86106944444444444,3000
635,1607385600000000000,0.0012138539866975299,0.92822325633504765,0.0089386527232201644,0.86033333333333306,3000
636,1607472000000000000,0.0016128167894569904,0.92661043954559053,0.0096152094723197436,0.86205818606202056,2999
637,1607558400000000000,0.0013480883128736312,0.92526235123271672,0.010608130831823137,0.86158580637990456,2999
638,1607644800000000000,0.0018609563442212567,0.92340139488849537,0.01193227731026209,0.86075000000000013,3000
639,1607904000000000000,0.066811362112760245,0.93003265437003002,0.0092732232224943256,0.86105555555555546,3000
640,1607990400000000000,0.0010793169656900853,0.92895333740433961,0.0092597164834051018,0.86170390130043351,2999
641,1608076800000000000,0.0028618672004689068,0.9260914702038705,0.011821495213516154,0.86074744273960413,2998
642,1608163200000000000,0.00095869177635641515,0.92513277842751407,0.012780186989872568,0.86110416666666678,3000
643,1608249600000000000,0.0026545732164203056,0.92247820521109347,0.015434760206292884,0.85932638888888901,3000
644,1608508800000000000,0.068139455580428651,0.92717186444995081,0.011306407247293669,0.85871679448705152,2999
645,1608595200000000000,0.0021891303242205585,0.92498273412573062,0.013201998120275893,0.85795833333333316,3000
646,1608681600000000000,0.0008292391820027686,0.92415349494372778,0.01403123730227869,0.85793749999999969,3000
647,1608768000000000000,0.0024348326891771941,0.92171866225455079,0.014334487411399706,0.85683422251861718,2999
648,1609113600000000000,8.8148445473885397e-05,0.9216305138090769,0.014246338965925826,0.85805555555555568,3000
649,1609200000000000000,0.071893023479268459,0.9254569685232209,0.01134920805995367,0.87346476603312251,2999
650,1609286400000000000,0.0020997473005483864,0.92335722122267272,0.012807337644280411,0.87450645089533952,2997
651,1609372800000000000,0.0014669622123544253,0.92189025901031829,0.01427429985663487,0.87355555555555586,3000
652,1609718400000000000,0.00038044178663832346,0.92150981722367986,0.014641534903617784,0.87402777777777796,3000
653,1609804800000000000,0.0036041004576390619,0.91790571676604116,0.015485556683735427,0.87296392039137205,2998
654,1609891200000000000,0.075524147765133096,0.92350370976489971,0.011985511695771573,0.87327777777777771,3000
655,1609977600000000000,0.0016675366517210071,0.92183617311317856,0.012090158442613961,0.87326967978652437,2998
656,1610064000000000000,0.0022555795617610784,0.91958059355141741,0.013629845009864451,0.87177777777777787,3000
657,1610323200000000000,0.0037676674355262727,0.91581292611589138,0.015999286994945006,0.87051784523015341,2998
658,1610409600000000000,0.0013633365671851384,0.91444958954870592,0.016722982061392725,0.8699358119373124,2999
659,1610496000000000000,0.083668090734061021,0.91676854006334285,0.01379421906059976,0.86838668445037215,2999
660,1610582400000000000,0.00088700868016505958,0.91588153138317785,0.013885004293344954,0.86938888888888854,3000
661,1610668800000000000,0.00090561070047554849,0.91497592068270239,0.014007197369780738,0.86909328441182976,2998
662,1611014400000000000,0.0016010138409590612,0.91337490684174349,0.014300714087124964,0.86848871469868816,2998
663,1611100800000000000,0.00074533498859202319,0.91262957185315174,0.015012341097738552,0.86767361111111097,3000
664,1611187200000000000,0.082591669368258305,0.91623127701008655,0.012172980681856431,0.8679444444444443,3000
665,1611273600000000000,0.0017687128448988739,0.91446256416518767,0.013522570476881607,0.86689583333333331,3000
666,1611532800000000000,0.0010344249278264931,0.9134281392373611,0.014049549661851823,0.8659305555555552,3000
667,1611619200000000000,0.0029993792318916707,0.91042876000546968,0.015874619870637801,0.86428809603201062,2999
668,1611705600000000000,0.0020193557436360924,0.90840940426183359,0.017887132195187758,0.86616666666666653,3000
669,1611792000000000000,0.079410997039514319,0.91305785280953566,0.013749867186052438,0.8728402777777774,3000
670,1611878400000000000,0.0023539222809653045,0.91070393052857035,0.015914104799531335,0.87965432922085141,2999
671,1612137600000000000,0.0021376224700816304,0.9085663080584887,0.017420596683674634,0.8784039124152494,2999
672,1612224000000000000,0.0013853095176362084,0.90718099854085243,0.017390918204737718,0.87779166666666686,3000
673,1612310400000000000,0.00087396830185651681,0.90630703023899595,0.017303900774060833,0.8787152777777778,3000
674,1612396800000000000,0.082825800348015691,0.91159361446607423,0.013104890939256625,0.8774305555555556,3000
675,1612483200000000000,0.0029360958492640572,0.9086575186168101,0.015744076776288019,0.87619484272535308,2999
676,1612742400000000000,0.0016911426394617631,0.9069663759773483,0.015952392255953737,0.87602083333333314,3000
677,1612828800000000000,0.0060096374787791725,0.9009567384985695,0.017786670539418833,0.87261646653324454,2998
678,1612915200000000000,0.0023280453871388105,0.89862869311143079,0.0186697360216561,0.87275694444444452,3000
679,1613001600000000000,0.082033730892231163,0.90566211305058009,0.014818160631496007,0.87199104958861462,2998
680,1613088000000000000,0.00062915466111996155,0.9050329583894603,0.015349333713152924,0.87195138888888912,3000
681,1613433600000000000,0.0025319252897574754,0.90250103309970298,0.015789189736012618,0.8710069444444446,3000
682,1613520000000000000,0.0041927133429578312,0.89830831975674497,0.018917297158932467,0.86970833333333353,3000
683,1613606400000000000,0.00057390742206872786,0.89773441233467621,0.019354076948095742,0.87017361111111113,3000
684,1613692800000000000,0.082136446046747691,0.90515856210379575,0.014665719403456921,0.8700902777777777,3000
685,1613952000000000000,0.0018175780006710093,0.90334098410312502,0.015734761594163045,0.86956944444444451,3000
686,1614038400000000000,0.0023530628959809534,0.9009879212071441,0.017928008550949507,0.86863194444444447,3000
687,1614124800000000000,0.00054457171346859539,0.90044334949367566,0.018388257314371905,0.86979166666666652,3000
688,1614211200000000000,0.001775097626079177,0.89866825186759636,0.01988688846310643,0.86897916666666641,3000
689,1614297600000000000,0.083779374832259029,0.90402264040589586,0.015480863282899078,0.86927777777777793,3000
690,1614556800000000000,0.0025723318708246864,0.90145030853507124,0.016352299697967955,0.86969785412497214,2998
691,1614643200000000000,0.0014548337659318171,0.89999547476913966,0.017312157931826302,0.8693990438069823,2998
692,1614729600000000000,0.0020429148702666685,0.89795255989887302,0.018480860952819735,0.86935228409469822,2999
693,1614816000000000000,0.0011228003437705177,0.89682975955510247,0.019551609030432966,0.86954166666666655,3000
694,1614902400000000000,0.085942243501143489,0.90199073856657996,0.0157473890622149,0.86956249999999979,3000
695,1615161600000000000,0.0022580161407022093,0.89973272242587776,0.01800019625969685,0.86974130265644101,2999
696,1615248000000000000,0.0023131732210626981,0.89741954920481493,0.019624595710636863,0.86941294196130758,2998
697,1615334400000000000,0.0024133251987232501,0.89500622400609142,0.019512537323480812,0.8674305555555557,3000
698,1615420800000000000,0.0017935806987734743,0.89321264330731798,0.020114800448731672,0.8680486111111112,3000
699,1615507200000000000,0.094667070417906202,0.89603491786899503,0.015737244846383312,0.86859027777777786,3000
700,1615766400000000000,0.0028512978855064004,0.89318361998348861,0.018485095820873959,0.86867844837167929,2999
701,1615852800000000000,0.0015362185274578586,0.89164740145603094,0.020019856826985292,0.86858119373124376,2999
702,1615939200000000000,0.00064226967955152768,0.89100513177647933,0.020662126506536822,0.86931944444444431,3000
703,1616025600000000000,0.0014933954874126964,0.88951173628906655,0.021860991624810481,0.86925000000000019,3000
704,1616112000000000000,0.10142955613988291,0.89151493365918866,0.016424189945455123,0.87029861111111118,3000
705,1616371200000000000,0.0019035546285458872,0.88961137903064313,0.017041645367636759,0.86968749999999995,3000
706,1616457600000000000,0.0014211247152201786,0.88819025431542287,0.017895055302300473,0.87019123860351355,2998
707,1616544000000000000,0.0017271018159934373,0.88646315249942942,0.019622157118293921,0.86892361111111105,3000
708,1616630400000000000,0.00052579987457037865,0.88593735262485918,0.020129638253414888,0.86977603645659651,2999
709,1616716800000000000,0.11016585885738658,0.88437929612154009,0.015941413635631906,0.87024999999999986,3000
710,1616976000000000000,0.00062385964803712357,0.88375543647350285,0.016470406248639182,0.87339583333333359,3000
711,1617062400000000000,0.00012664919654016923,0.88362878727696259,0.016574251062230736,0.87977083333333328,3000
712,1617148800000000000,0.00022634944111868464,0.88340243783584405,0.016800600503349427,0.8828055555555554,3000
713,1617235200000000000,0.002291213075785815,0.8811112247600581,0.018413773027151324,0.88258144318434539,2998
714,1617580800000000000,0.1198793330446454,0.87722306100909209,0.014980205068885383,0.88154861111111082,3000
715,1617667200000000000,0.00064926875009727915,0.87657379225899446,0.015625824690832672,0.88310957304869908,2998
716,1617753600000000000,0.00073684711280721875,0.87583694514618737,0.015322682688759181,0.88341947315771874,2999
717,1617840000000000000,0.00091387863546586582,0.87492306651072171,0.016236561324225039,0.88355555555555565,3000
718,1617926400000000000,0.0011373748003412672,0.87378569171038034,0.016362720503987672,0.88370138888888883,3000
719,1618185600000000000,0.11612742929102288,0.87211238983304218,0.01334940383691602,0.88315277777777756,3000
720,1618272000000000000,0.001062482301948839,0.87104990753109324,0.014411886138864871,0.88395833333333318,3000
721,1618358400000000000,4.7222222222223915e-05,0.87100268530887115,0.014459108361087093,0.88500000000000001,3000
722,1618444800000000000,0.0018344980374377521,0.86916818727143341,0.014005726659420023,0.88503446742272629,2998
723,1618531200000000000,0.0014059468692269516,0.86776224040220629,0.014512005816459518,0.8850761618857016,2998
724,1618790400000000000,0.10710936438323065,0.872781546470902,0.011412400191210779,0.88565277777777762,3000
725,1618876800000000000,0.0011134180842167405,0.87166812838668539,0.01249493010330411,0.8866358230521284,2999
726,1618963200000000000,0.0028985814465854963,0.86876954694009978,0.013294589854243481,0.88614357262103505,2995
727,1619049600000000000,0.00085788819447234633,0.86791165874562748,0.013053936521778307,0.88612547253724683,2998
728,1619136000000000000,0.0012054273998708554,0.86670623134575675,0.013575926732671738,0.88548611111111131,3000
729,1619395200000000000,0.10270534793127707,0.87437753661039008,0.011090293613092219,0.88597222222222216,3000
730,1619481600000000000,0.00032883428356881309,0.87404870232682097,0.011101196945493047,0.8868541666666665,3000
731,1619568000000000000,0.0015937323691879212,0.8724549699576335,0.012609685666572945,0.88721527777777753,3000
732,1619654400000000000,0.00056427334391846024,0.87189069661371488,0.013014280633135427,0.88731660553517844,2999
733,1619740800000000000,0.0015876917846030891,0.87030300482911171,0.013973579747823704,0.8896805555555557,3000
734,1620000000000000000,0.093574578691084431,0.88093914217031866,0.010193495275718193,0.89028796975761626,2998
735,1620086400000000000,0.0016193652491843997,0.87931977692113417,0.011660749168291457,0.8895694444444443,3000
736,1620172800000000000,0.0016713908172171061,0.87764838610391716,0.012261166995755189,0.89069967767033464,2999
737,1620259200000000000,0.0017450530215987964,0.87590333308231849,0.012779329288832311,0.89013699010781333,2999
738,1620345600000000000,0.0014593268209880724,0.87444400626133045,0.013332911777213343,0.88990577051367548,2998
739,1620604800000000000,0.086735437167603444,0.8861779634608713,0.010355896270402981,0.88920138888888889,3000
740,1620691200000000000,0.0031091355299481013,0.88306882793092323,0.01269096508180096,0.88912970990330142,2999
741,1620777600000000000,0.0027016128085546268,0.88036721512236837,0.015392577890355565,0.88920138888888911,3000
742,1620864000000000000,0.0018926018861672961,0.87847461323620113,0.017003816977981763,0.88838888888888912,3000
743,1620950400000000000,0.0030178858449293757,0.87545672739127145,0.018824948281455457,0.88773341113704574,2999
744,1621209600000000000,0.083652879316040471,0.88957042275593934,0.015418486412093741,0.88645520729131932,2999
745,1621296000000000000,0.001395552942022578,0.8881748698139168,0.016362220686427092,0.88687499999999986,3000
746,1621382400000000000,0.0010075551906806488,0.88716731462323617,0.016498455389460594,0.88749027453595608,2999
747,1621468800000000000,0.00051795897795513441,0.88664935564528091,0.016787797187927975,0.88786111111111121,3000
748,1621555200000000000,0.0010716138175809074,0.88557774182769988,0.017859411005508894,0.88807638888888885,3000
749,1621814400000000000,0.078311528139057451,0.89903728450373499,0.013858467653020904,0.88789583333333322,3000
750,1621900800000000000,0.0022946536031065493,0.89674263090062833,0.014847748443514186,0.88712613964865494,2998
751,1621987200000000000,0.00062299544554316486,0.89611963545508511,0.015419309046256522,0.88804861111111111,3000
752,1622073600000000000,0.001769830827710026,0.89434980462737468,0.016484254686417611,0.88806685561853949,2999
753,1622160000000000000,0.0020622762106021382,0.89228752841677283,0.017719981316748006,0.88779861111111114,3000
754,1622505600000000000,0.075398433448192095,0.90515581050564897,0.013702745318074763,0.88604534844948302,2999
755,1622592000000000000,0.0023817693856134064,0.90277404112003556,0.014424034432628692,0.88591005114520793,2998
756,1622678400000000000,0.00079719490898863955,0.90197684621104701,0.014970075284074767,0.88631249999999995,3000
757,1622764800000000000,0.00091541271685341452,0.90106143349419365,0.015407616303162473,0.88651078137156847,2999
758,1623024000000000000,0.0016724364041014179,0.89938899709009223,0.016032416306283406,0.8862190174502611,2999
759,1623110400000000000,0.078741272867804815,0.90854408891979477,0.01340252743381044,0.88527083333333323,3000
760,1623196800000000000,0.0016721541796566107,0.90687193474013794,0.0131673307743045,0.88526036456596646,2999
761,1623283200000000000,0.0012265882499647991,0.90564534649017292,0.014257250243286564,0.8848125,3000
762,1623369600000000000,0.0010154823181803955,0.90462986417199243,0.015108387198842995,0.88527425808602855,2999
763,1623628800000000000,0.0025776296238759293,0.90205223454811667,0.017686016822718843,0.88491302656441029,2999
764,1623715200000000000,0.0835080432127734,0.90869335961289222,0.01417516580096978,0.88653236569903282,2997
765,1623801600000000000,0.0014517224305510565,0.90724163718234152,0.013652872346136588,0.88592030676892253,2999
766,1623888000000000000,0.00057267030370448718,0.90666896687863707,0.013983241746168908,0.88724019117483643,2999
767,1623974400000000000,0.0016907983629211275,0.90497816851571589,0.015644030651178517,0.88709722222222187,3000
768,1624233600000000000,0.00071652406862175255,0.904261644447094,0.015590794744121842,0.88702777777777764,3000
769,1624320000000000000,0.08226125600292776,0.91096166404691159,0.011818169183824159,0.88730965877514734,2999
770,1624406400000000000,0.0012150189347371648,0.90974664511217418,0.013033188118561351,0.885388888888889,3000
771,1624492800000000000,0.0027636906900789793,0.90698295442209498,0.015554442703104458,0.88438888888888889,3000
772,1624579200000000000,0.00053809351488872715,0.90644486090720633,0.016092536217993159,0.88516666666666666,3000
773,1624838400000000000,0.002083149407582828,0.90436171149962352,0.017700899826512413,0.88555555555555532,3000
774,1624924800000000000,0.076119335008028796,0.91333088904245696,0.013904276303384425,0.88600694444444439,3000
775,1625011200000000000,0.001234524807353784,0.91209636423510321,0.015130043568798508,0.88339863287762577,2999
776,1625097600000000000,0.0016215095007721186,0.9104748547343311,0.014404242608870759,0.88355021688355018,2997
777,1625184000000000000,0.0014575696721979736,0.90901728506213308,0.015169230575907534,0.88257638888888901,3000
778,1625529600000000000,0.0014947437441987874,0.90752254131793431,0.016540634221392642,0.88296527777777778,3000
779,1625616000000000000,0.072469145039560215,0.91692365224764705,0.013094128917637581,0.88247222222222232,3000
780,1625702400000000000,0.0019099152112909993,0.91501373703635636,0.015004044128928607,0.88177083333333284,3000
781,1625788800000000000,0.0013007760451008638,0.91371296099125543,0.016304820174029434,0.88183333333333347,3000
782,1626048000000000000,0.0027480205123555355,0.91096494047889998,0.018613852794685512,0.88180555555555551,3000
783,1626134400000000000,0.0014104548287144068,0.90955448565018537,0.02002430762339992,0.88272916666666679,3000
784,1626220800000000000,0.071301157927746078,0.92045938192794408,0.015468510534077447,0.88342228152101387,2998
785,1626307200000000000,0.0025492317791766458,0.91791015014876731,0.018017742313253995,0.88407549477429392,2998
786,1626393600000000000,0.0004022017441848055,0.91750794840458239,0.018419944057438773,0.88439583333333349,3000
787,1626652800000000000,0.0013226259926638691,0.91618532241191841,0.019472517072697853,0.88588557296876747,2999
788,1626739200000000000,0.00067572109927177646,0.91550960131264647,0.019754536081160613,0.88602083333333337,3000
789,1626825600000000000,0.07697699903503423,0.92153190903960758,0.015843358085706395,0.88587198309420512,2997
790,1626912000000000000,0.00052623921070153528,0.92100566982890586,0.016006550284186325,0.88556944444444452,3000
791,1626998400000000000,0.0003940740486376131,0.92061159578026819,0.016268434203191209,0.88628472222222221,3000
792,1627257600000000000,0.0031446959315543526,0.91746689984871377,0.018219015572560109,0.8859411470490165,2999
793,1627344000000000000,0.0019905632531055251,0.91547633659560823,0.018866840534184019,0.88665360240160107,2998
794,1627430400000000000,0.078327080252111769,0.92096424040067659,0.01537337537224613,0.88528472222222243,3000
795,1627516800000000000,0.0011038189213554862,0.9198604214793209,0.015929759692543656,0.88739583333333316,3000
796,1627603200000000000,0.0012314764952432297,0.91862894498407754,0.015993600335335718,0.89354784928309439,2999
797,1627862400000000000,0.0013335879812670605,0.91729535700281029,0.017327188316602789,0.89345833333333335,3000
798,1627948800000000000,0.0013069713970480415,0.91598838560576235,0.018135462916926335,0.89351388888888883,3000
799,1628035200000000000,0.07526596487328796,0.92202202038049674,0.013300451831173605,0.89435367344670424,2999
800,1628121600000000000,0.0010484088472326582,0.92097361153326396,0.014258473468338079,0.8941041666666667,3000
801,1628208000000000000,0.0018559126943696437,0.91911769883889438,0.016031243899949393,0.89374305555555567,3000
802,1628467200000000000,0.00087512702654442493,0.91824257181234992,0.016619265733147544,0.89375694444444465,3000
803,1628553600000000000,0.00068705449859576557,0.91755551731375429,0.017306320231743395,0.89493750000000005,3000
804,1628640000000000000,0.076224466270629246,0.92212080226109638,0.013544157351514659,0.89447916666666671,3000
805,1628726400000000000,0.002252818404488707,0.91986798385660773,0.015010131903521122,0.89411111111111097,3000
806,1628812800000000000,0.0024823566147487331,0.9173856272418589,0.017456924341845932,0.89479861111111103,3000
807,1629072000000000000,5.3168954781482192e-05,0.91733245828707732,0.017510093296627401,0.89597916666666666,3000
808,1629158400000000000,0.0018979457022917977,0.9154345125847857,0.019194379246013811,0.89580555555555552,3000
809,1629244800000000000,0.078555583926272363,0.91982594299761766,0.016534998928395682,0.89554851617205733,2999
810,1629331200000000000,0.001058665191284878,0.91876727780633294,0.017593664119680608,0.89603472222222214,3000
811,1629417600000000000,0.0025668213286442355,0.916200456477689,0.019300153336227401,0.89536805555555576,3000
812,1629676800000000000,0.00025877930306939033,0.9159416771746195,0.019558932639296832,0.89677777777777801,3000
813,1629763200000000000,0.0007520491050677714,0.91518962806955184,0.019395440050758279,0.89716666666666656,3000
814,1629849600000000000,0.077383687967824299,0.91956003567715672,0.014864085745734877,0.89811957971981315,2998
815,1629936000000000000,0.0026078299313131593,0.91695220574584391,0.01417272291452989,0.89674366244162806,2998
816,1630022400000000000,0.0015077279893844393,0.91544447775645932,0.015356522497561927,0.89671557185728534,2999
817,1630281600000000000,0.00085090415924693561,0.91459357359721249,0.015708016612396725,0.89666694453706774,2999
818,1630368000000000000,0.0016969636242709428,0.91289660997294153,0.015458382452852061,0.89666027351567679,2998
819,1630454400000000000,0.076574763388437939,0.91742508473563489,0.011838330054783705,0.89683366677781473,2999
820,1630540800000000000,0.0013283428311250552,0.91609674190450996,0.012777381292716598,0.896958708458375,2999
821,1630627200000000000,0.0013115378857722576,0.91478520401873775,0.013757409312083326,0.89613888888888904,3000
822,1630972800000000000,0.0010583478043891068,0.91372685621434868,0.014719448283973084,0.89698649549849951,2999
823,1631059200000000000,0.00062289454696202193,0.91310396166738661,0.015342342830935107,0.89675694444444431,3000
824,1631145600000000000,0.075092633094014163,0.91846493392690376,0.011708812661609348,0.8974449816605532,2999
825,1631232000000000000,0.0009063302091713647,0.91755860371773246,0.012514276360527489,0.89777777777777756,3000
826,1631491200000000000,0.00061022453213936678,0.91694837918559302,0.012685595633035356,0.89839583333333328,3000
827,1631577600000000000,0.0015476425278713518,0.91540073665772159,0.014039312417552728,0.89901494942758697,2999
828,1631664000000000000,0.00057794882395801976,0.91482278783376358,0.014155554097668088,0.89872318550628005,2999
829,1631750400000000000,0.071645716408160975,0.92089992427330702,0.010916254105501946,0.89846527777777763,3000
830,1631836800000000000,0.0013047417488633631,0.91959518252444372,0.011980216722139355,0.89828472222222233,3000
831,1632096000000000000,0.0044365922650230778,0.9151585902594207,0.016416808987162475,0.89618055555555531,3000
832,1632182400000000000,0.0009108052294870267,0.91424778502993365,0.016583121063207844,0.8971740580193398,2999
833,1632268800000000000,0.00063086574702093565,0.91361691928291278,0.015969920125061828,0.89811187062354136,2999
834,1632355200000000000,0.069441895060181003,0.92127827298456955,0.011722093403181068,0.89822301878403898,2999
835,1632441600000000000,0.0020257368388907761,0.91925253614567848,0.013747830242071872,0.89764583333333337,3000
836,1632700800000000000,0.0024663299535777183,0.91678620619210083,0.016214160195649516,0.89640972222222215,3000
837,1632787200000000000,0.0011459807339371617,0.91564022545816348,0.017360140929586695,0.89896527777777802,3000
838,1632873600000000000,0.0012633731481272576,0.91437685231003651,0.018623514077713933,0.90432638888888894,3000
839,1632960000000000000,0.066557633234841693,0.92366879148174919,0.014785598701721504,0.90443749999999989,3000
840,1633046400000000000,0.00064385107595526917,0.92302494040579397,0.014692486768605989,0.9047628974872135,2998
841,1633305600000000000,0.0029149492433131752,0.92010999116248093,0.017607436011919182,0.9035676562152547,2998
842,1633392000000000000,0.001640234059022441,0.91846975710345879,0.01881892627608879,0.90264342895263527,2998
843,1633478400000000000,7.2391811167103409e-05,0.91839736529229166,0.018891318087255894,0.90343750000000034,3000
844,1633564800000000000,0.066121548183858361,0.92667371725501191,0.015778723527905339,0.90287500000000043,3000
845,1633651200000000000,0.00084384368487983594,0.92582987357013202,0.016381031033828326,0.90377348004890534,2999
846,1633910400000000000,0.0017126551657437703,0.9241172184043881,0.017331310816881343,0.90311353784594839,2999
847,1633996800000000000,0.00064487328944159094,0.92347234511494647,0.017801023389504331,0.9040625000000001,3000
848,1634083200000000000,0.00080537426786986808,0.92266697084707661,0.018606397657374145,0.90521527777777766,3000
849,1634169600000000000,0.067996209017574707,0.93002731606526134,0.013815874503543111,0.90505555555555561,3000
850,1634256000000000000,0.0015013140161495471,0.92852600204911195,0.014418644490524773,0.90578804045793015,2999
851,1634515200000000000,0.0014590725264999934,0.92706692952261216,0.014978838205639403,0.90605542583944843,2998
852,1634601600000000000,0.00094393080967098341,0.92612299871294101,0.015089622981866467,0.90579498721796181,2999
853,1634688000000000000,0.001652187677571353,0.92447081103536966,0.016269285833623082,0.90561437145715218,2999
854,1634774400000000000,0.072731555887196056,0.92831123080552924,0.012388044437223553,0.90452373013226628,2999
855,1634860800000000000,0.0011945140775627705,0.92711671672796658,0.012859153254451035,0.90478770701344879,2999
856,1635120000000000000,0.00057961264475171216,0.92653710408321488,0.013438765899202749,0.9055347222222222,3000
857,1635206400000000000,0.0014568271239338885,0.92508027695928097,0.013969814713523562,0.90481944444444484,3000
858,1635292800000000000,0.00078959272762817395,0.92429068423165306,0.014495642302628403,0.90531944444444445,3000
859,1635379200000000000,0.073644781364038625,0.92797597933444642,0.011386475417234752,0.90611805555555569,3000
860,1635465600000000000,0.0023624457285612954,0.92561353360588516,0.013105151847141767,0.90598593506782277,2998
861,1635724800000000000,0.0019649963388819482,0.92364853726700324,0.013421261923519565,0.90631254169446263,2998
862,1635811200000000000,0.001357280285167252,0.92229125698183601,0.014614380895590201,0.90535734133600099,2999
863,1635897600000000000,0.00087761213888835551,0.92141364484294785,0.014812472092627855,0.90495138888888904,3000
864,1635984000000000000,0.076113851879280547,0.92628634634379936,0.012210191767525322,0.90462500000000012,3000
865,1636070400000000000,0.0025035561564911869,0.92378279018730802,0.013285667041284517,0.90404714253947061,2998
866,1636329600000000000,0.00095213951800772456,0.92283065066930026,0.012908082058662862,0.90464476317545051,2998
867,1636416000000000000,0.0017450716622836346,0.9210855790070166,0.01458498128272573,0.90363454484828276,2999
868,1636502400000000000,0.00056785108279236072,0.92051772792422415,0.015152832365518072,0.90362499999999968,3000
869,1636588800000000000,0.072793981571502062,0.9272839971768565,0.011353386005552177,0.90345392908747379,2999
870,1636675200000000000,0.0019855487993199659,0.92529844837753661,0.012574470334307412,0.90240496832277428,2999
871,1636934400000000000,0.00063858443667885636,0.92465986394085786,0.012546829877597008,0.90256250000000005,3000
872,1637020800000000000,0.00060040123765193977,0.92405946270320571,0.013147231115248969,0.90378472222222228,3000
873,1637107200000000000,0.00038642106754268202,0.92367304163566311,0.013436573597692122,0.90463487829276412,2999
874,1637193600000000000,0.069121108222720995,0.93106517911624276,0.010865561860156173,0.9040208333333335,3000
875,1637280000000000000,0.0036795782080496619,0.92738560090819289,0.014545140068205885,0.9034217255948408,2998
876,1637539200000000000,9.8682885786055278e-05,0.92728691802240681,0.014482753537450601,0.90297916666666656,3000
877,1637625600000000000,0.0033603133883007875,0.92392660463410614,0.015664481793542968,0.90284729173618083,2997
878,1637712000000000000,0.0021100010900875566,0.9218166035440184,0.016729174302035698,0.90276156326439816,2998
879,1637884800000000000,0.064736387871090526,0.93127664243739205,0.012787742374013266,0.90289583333333334,3000
880,1638144000000000000,0.0015955988262224417,0.92968104361116966,0.014383341200235662,0.90270833333333345,3000
881,1638230400000000000,0.0025018436590002182,0.92717919995216946,0.013231094037916991,0.90306278500722958,2997
882,1638316800000000000,0.0024978425512727988,0.92468135740089685,0.015714466918719295,0.90117361111111083,3000
883,1638403200000000000,0.0033357964581948204,0.92134556094270237,0.018009720595330483,0.89973046571079229,2999
884,1638489600000000000,0.062429638176370608,0.93057889903274793,0.013595199562037088,0.90018055555555521,3000
885,1638748800000000000,0.0022939685603536744,0.92828493047239424,0.015889168122390756,0.90007638888888886,3000
886,1638835200000000000,0.001630161898180418,0.92665476857421369,0.017519330020571166,0.90029166666666671,3000
887,1638921600000000000,0.0028628222177300659,0.92379194635648343,0.017786776149812399,0.89975392058725356,2997
888,1639008000000000000,0.0005877763110797025,0.92320417004540367,0.018374552460892122,0.89968055555555548,3000
889,1639094400000000000,0.06573935520470589,0.93109946636761598,0.014234803799022967,0.90102777777777765,3000
890,1639353600000000000,0.0023676539433827534,0.92873181242423342,0.015359696436350538,0.90115632643984878,2998
891,1639440000000000000,0.0028864524550478829,0.92584535996918549,0.017624820328466361,0.89991108147160181,2999
892,1639526400000000000,0.0014622005588166421,0.92438315941036897,0.019087020887283,0.9002430555555555,3000
893,1639612800000000000,0.0029495210887365755,0.92143363832163228,0.020501247334036833,0.89902189618761785,2999
894,1639699200000000000,0.07351710155086312,0.92473802668294935,0.017761764575341222,0.89725047237968192,2999
895,1639958400000000000,0.00050645178015886773,0.92423157490279007,0.017965227081099971,0.89742361111111102,3000
896,1640044800000000000,0.0011223428861556041,0.92310923201663453,0.019057348796077858,0.89770138888888873,3000
897,1640131200000000000,0.0022359310264318507,0.92087330099020237,0.020720470861216291,0.8978124999999999,3000
898,1640217600000000000,0.001113545274197852,0.91975975571600455,0.02125392191422994,0.89817439146382139,2999
899,1640563200000000000,0.073481938252659057,0.92581312338999799,0.016984328527597809,0.89757002334111369,2999
900,1640649600000000000,0.0019050772361774611,0.92390804615382049,0.018169347809513844,0.89805629654329222,2999
901,1640736000000000000,0.0012892626850518154,0.92261878346876869,0.018505694489392904,0.89902884294764907,2999
902,1640822400000000000,5.5876731161125594e-05,0.92256290673760777,0.018561571220554036,0.90039583333333328,3000
903,1640908800000000000,0.0017639329300880682,0.92079897380751952,0.020019015924391981,0.90009027777777795,3000
904,1641168000000000000,0.073192880896641666,0.92784378154397995,0.015770465547675951,0.90081944444444439,3000
905,1641254400000000000,0.0033792507580743436,0.92446453078590551,0.015712424881793273,0.90112687813021686,2995
906,1641340800000000000,0.0013081010682584934,0.92315642971764711,0.017020525950051758,0.90026388888888897,3000
907,1641427200000000000,0.0019493937509033981,0.92120703596674369,0.018969919700955077,0.89974305555555556,3000
908,1641513600000000000,0.0011294261628453652,0.9200776098038983,0.020099345863800463,0.90047222222222212,3000
909,1641772800000000000,0.073020776317913122,0.9266594717952763,0.016614493546666435,0.90000138935200635,2999
910,1641859200000000000,0.001442707189634589,0.92521676460564151,0.017944599315911025,0.90004166666666663,3000
911,1641945600000000000,0.00080571325145502792,0.92441105135418655,0.01840478794929051,0.90039583333333306,3000
912,1642032000000000000,0.00083026355352614563,0.92358078780066033,0.018666036486327867,0.90093225519617637,2999
913,1642118400000000000,0.00031243672215856513,0.9232683510785018,0.018978473208486394,0.90232855396243183,2999
914,1642464000000000000,0.07133288642246037,0.92964720957329794,0.014659590599608819,0.90315277777777803,3000
915,1642550400000000000,0.0033674960615403763,0.92627971351175775,0.018027086661149033,0.90245138888888887,3000
916,1642636800000000000,0.0018392544592342101,0.92444045905252348,0.019866341120383289,0.90275694444444476,3000
917,1642723200000000000,0.0027517382807766429,0.92168872077174679,0.022435946306342873,0.901826388888889,3000
918,1642982400000000000,0.0044007602447092538,0.91728796052703776,0.026772164466117673,0.89902083333333349,3000
919,1643068800000000000,0.073617619889004976,0.92349282242677344,0.020157068278014455,0.90039192795196787,2998
920,1643155200000000000,0.001907144900870612,0.92158567752590281,0.021734372780816923,0.90043750000000011,3000
921,1643241600000000000,0.00038190828451608596,0.92120376924138681,0.022056487409492745,0.90154166666666624,3000
922,1643328000000000000,0.0012353316233719483,0.91996843761801494,0.022782339817879041,0.90155242383811451,2998
923,1643587200000000000,0.0036237754054761905,0.91634466221253863,0.024051882940850547,0.90029066533155322,2996
924,1643673600000000000,0.077047862673156775,0.92145735050535338,0.017967351019158848,0.89898126528797007,2998
925,1643760000000000000,0.0019281365553930848,0.91952921394996012,0.019298265073884161,0.89716666666666667,3000
926,1643846400000000000,0.00095212239818177045,0.91857709155177825,0.019662081453660232,0.89840277777777788,3000
927,1643932800000000000,0.00085937049698065653,0.91771772105479765,0.020400662649220223,0.90014583333333331,3000
928,1644192000000000000,0.00059490638968536674,0.91712281466511236,0.020995569038905603,0.90029166666666671,3000
929,1644278400000000000,0.080687195093217784,0.92072847432388327,0.016561739031310575,0.90045138888888898,3000
930,1644364800000000000,0.0023845793209316076,0.91834389500295155,0.018946318352242055,0.90061270423474504,2999
931,1644451200000000000,0.0012958109592170067,0.91704808404373461,0.019914624916744162,0.89962500000000012,3000
932,1644537600000000000,0.0012040761598080992,0.9158440078839265,0.021118701076552282,0.89961111111111114,3000
933,1644796800000000000,0.0021142350988371176,0.91372977278508927,0.023172949115262704,0.89938194444444419,3000
934,1644883200000000000,0.082650949304226451,0.9187091002229546,0.017084195869962238,0.90087668111592745,2999
935,1644969600000000000,0.0019976454278383621,0.91671145479511607,0.01775687043334297,0.90044598199399783,2999
936,1645056000000000000,0.0011660179842578487,0.9155454368108582,0.018922888417600803,0.90055555555555555,3000
937,1645142400000000000,0.0006373440018889717,0.91490809280896923,0.01956023241948977,0.90238888888888857,3000
938,1645488000000000000,0.0020394775333775492,0.91286861527559171,0.02159970995286729,0.90348611111111088,3000
939,1645574400000000000,0.084717069094617417,0.91741252011113095,0.015982982938129078,0.90543375569634332,2999
940,1645660800000000000,0.0021956222984275504,0.91521689781270332,0.018178605236556563,0.90612843169945545,2999
941,1645747200000000000,0.0016793017201915971,0.91353759609251173,0.019505560695086292,0.90475694444444432,3000
942,1646006400000000000,0.0035685315281082835,0.9099690645644033,0.021020464355501228,0.904563160823595,2995
943,1646092800000000000,0.0017003962858028201,0.90826866827860053,0.021150806901133676,0.90425842509175858,2997
944,1646179200000000000,0.084437373449546771,0.91334967141234302,0.018223759984929803,0.90264810492386349,2999
945,1646265600000000000,0.0027581816815071872,0.91059148973083581,0.020154471837810786,0.90227992664221413,2999
946,1646352000000000000,0.0028796375018817293,0.9077118522289539,0.021352737020819152,0.90158525063910189,2999
947,1646611200000000000,0.002827674671169904,0.90488417755778405,0.024094658589631009,0.90068911859508738,2999
948,1646697600000000000,0.0035102223025262986,0.90137395525525776,0.02742039126529415,0.89959278407827425,2998
949,1646784000000000000,0.07558384053548696,0.91191904534406787,0.021137940999471479,0.89900211251945761,2998
950,1646870400000000000,0.0012895330761654314,0.91062951226790256,0.0217941993014312,0.89815972222222251,3000
951,1646956800000000000,0.00089151480327232869,0.90973799746463024,0.022262776823555902,0.89823691230410141,2999
952,1647216000000000000,0.0039929161930350636,0.90574508127159536,0.026255693016591072,0.89729166666666693,3000
953,1647302400000000000,0.004084526033862299,0.90166055523773281,0.029368856009766478,0.89738349460571676,2997
954,1647388800000000000,0.069903189864040802,0.91321750141884439,0.022806777009543797,0.89659027777777733,3000
955,1647475200000000000,0.0021249991262150959,0.91109250229262928,0.024484390540379292,0.89512499999999973,3000
956,1647561600000000000,0.0014849592886861116,0.90960754300394331,0.025774473698689453,0.89488888888888918,3000
957,1647820800000000000,0.00064156287958183275,0.90896598012436136,0.026416036578271258,0.89590972222222232,3000
958,1647907200000000000,0.00260713092522173,0.90635884919913967,0.028958780531210211,0.89433977992664226,2999
959,1647993600000000000,0.06639622165883112,0.91749902942596462,0.022935311910928406,0.89428420584639301,2999
960,1648080000000000000,0.0011814745700283902,0.91631755485593602,0.023808958400867632,0.89480555555555585,3000
961,1648166400000000000,0.0012677925243857215,0.91504976233155022,0.02381261475521437,0.89581249305323996,2999
962,1648425600000000000,0.00050375724782553729,0.91454600508372486,0.024316372003039873,0.89647916666666683,3000
963,1648512000000000000,0.0003936705273914017,0.91415233455633349,0.024401646206427163,0.89799377570301187,2999
964,1648598400000000000,0.06649284621013471,0.9232367203781382,0.019239526770424176,0.89775758586195409,2999
965,1648684800000000000,0.0015150619627162861,0.92172165841542208,0.020217317080121769,0.89788957430254523,2999
966,1648771200000000000,0.00053016377199883113,0.92119149464342331,0.019912466484179145,0.89888990774702648,2999
967,1649030400000000000,0.0020048399943855127,0.91918665464903782,0.020935280910648776,0.89922448298865898,2998
968,1649116800000000000,0.0031337664345221627,0.91605288821451536,0.020956357116318575,0.89881548214881568,2997
969,1649203200000000000,0.067572691566222171,0.92418733933511898,0.015733482423235363,0.90044444444444449,3000
970,1649289600000000000,0.0023480703099250425,0.92183926902519397,0.015938662141095038,0.90110768289971099,2998
971,1649376000000000000,0.00022166214561167031,0.92161760687958239,0.016160324286706666,0.90198611111111082,3000
972,1649635200000000000,0.0011893613386046475,0.92042824554097757,0.017349685625311303,0.90353034344781591,2999
973,1649721600000000000,0.0013083196612494088,0.91911992587972824,0.018658005286560645,0.90317361111111116,3000
974,1649808000000000000,0.070359262913172488,0.9254289482941368,0.014668585380002186,0.90417361111111105,3000
975,1649894400000000000,0.0014896555670614057,0.92393929272707553,0.015637203416499018,0.90543055555555552,3000
976,1650240000000000000,0.0011493394759673316,0.92278995325110824,0.016786542892466321,0.9064097222222226,3000
977,1650326400000000000,0.00065948168274959065,0.9221304715683587,0.017446024575215907,0.90686111111111112,3000
978,1650412800000000000,0.0023902360323145096,0.91974023553604434,0.019824976870364195,0.90745833333333348,3000
979,1650499200000000000,0.067962452479820273,0.92621952627546467,0.016449589689913165,0.90720833333333351,3000
980,1650585600000000000,0.0018230927230327547,0.92439643355243184,0.017370707595506813,0.90756641102589763,2999
981,1650844800000000000,0.0014946144668818641,0.9229018190855498,0.018379894167469213,0.90723296654440377,2999
982,1650931200000000000,0.00064773758534618299,0.92225408150020372,0.018944798364594867,0.90772222222222243,3000
983,1651017600000000000,0.00041113427128890449,0.92184294722891458,0.019193144125901694,0.90810416666666693,3000
984,1651104000000000000,0.061127451263673388,0.9314279345433657,0.014576997656404836,0.90807638888888886,3000
985,1651190400000000000,0.0013954077257720356,0.93003252681759363,0.015224678569636548,0.90860147827053472,2999
986,1651449600000000000,0.0013700945866755116,0.92866243223091804,0.01652925100909701,0.9085972222222225,3000
987,1651536000000000000,0.0018753940112479735,0.92678703821967012,0.018141465405542651,0.90858758475047219,2999
988,1651622400000000000,0.00065016667429216126,0.92613687154537794,0.018791632079834832,0.90895138888888916,3000
989,1651708800000000000,0.061461569678727547,0.93514980662812008,0.014997035419701595,0.90970601311548294,2999
990,1651795200000000000,5.2748804678103573e-05,0.93509705782344199,0.015049784224379661,0.91065277777777764,3000
991,1652054400000000000,0.00092895792791635899,0.93416809989552552,0.015678401298823509,0.9117483605646326,2999
992,1652140800000000000,0.0038358145647095698,0.93033228533081591,0.019414760546553504,0.90986111111111112,3000
993,1652227200000000000,0.0017939448303978833,0.92853834050041795,0.021208705376951395,0.90947222222222235,3000
994,1652313600000000000,0.06761502331989451,0.93171923704956938,0.020042835730884178,0.9073819444444442,3000
995,1652400000000000000,0.0022340929157311082,0.92948514413383843,0.020562351093974179,0.90776489882143674,2998
996,1652659200000000000,0.0013027802163658949,0.92818236391747277,0.021090815413745575,0.9073649549849947,2999
997,1652745600000000000,0.00093574493346258627,0.92724661898401028,0.020523653922682471,0.90767456081832321,2998
998,1652832000000000000,0.0025936767552840359,0.92465294222872629,0.021812789861629444,0.90560416666666677,3000
999,1652918400000000000,0.062807676131415066,0.93009326510001622,0.016747385115039006,0.90617705901967294,2999
1000,1653004800000000000,0.00068926300323940816,0.92940400209677676,0.017436648118278438,0.90655555555555578,3000
1001,1653264000000000000,0.0017976162315181158,0.92760638586525856,0.019234264349796526,0.90718750000000048,3000
1002,1653350400000000000,0.00066464032414248356,0.92694174554111608,0.019513910487464901,0.90848065376917941,2998
1003,1653436800000000000,0.0032928693201513975,0.92364887622096459,0.021504459345828373,0.90849033011003688,2999
1004,1653523200000000000,0.060977891878690987,0.93069774999028276,0.016616212456001651,0.90900439035234004,2999
1005,1653609600000000000,0.0010592538319513559,0.9296384961583315,0.017675466287952985,0.90926142047349112,2999
1006,1653955200000000000,0.0012448467972372269,0.92839364936109425,0.018090876932719355,0.90934233933733577,2998
1007,1654041600000000000,0.00082525131453242023,0.92756839804656155,0.018364918329362215,0.90960640426951311,2998
1008,1654128000000000000,0.00092830715586119967,0.92664009089070043,0.019293225485223473,0.90984962197020236,2998
1009,1654214400000000000,0.060148667521230506,0.93325503649808672,0.014940424285328177,0.91000694444444452,3000
1010,1654473600000000000,0.00073757265164048087,0.93251746384644618,0.015544049111571151,0.91160416666666655,3000
1011,1654560000000000000,0.0015929672957134837,0.93092449655073273,0.017137016407284551,0.91201928420584644,2999
1012,1654646400000000000,0.0010787872557197333,0.92984570929501287,0.016101932434532028,0.91272785372902054,2999
1013,1654732800000000000,0.0016546649381383271,0.92819104435687461,0.016587435818659159,0.91307638888888887,3000
1014,1654819200000000000,0.062035527908647109,0.93479796599798115,0.012495647269381609,0.91489583333333302,3000
1015,1655078400000000000,0.0013050830162720892,0.93349288298170885,0.013800730285653753,0.91520833333333318,3000
1016,1655164800000000000,0.0017663051654996692,0.93172657781620927,0.014782599661582678,0.91441591641658293,2999
1017,1655251200000000000,0.00033640768180080396,0.93139017013440828,0.014481295061565619,0.91479861111111127,3000
1018,1655337600000000000,0.00038978127077001959,0.93100038886363823,0.014632504136824015,0.91556250000000028,3000
1019,1655424000000000000,0.066571081569763657,0.93550217171116012,0.012604742015625637,0.91522868734022422,2999
1020,1655769600000000000,0.0012866803390596832,0.93421549137210069,0.013561309068414924,0.91556944444444466,3000
1021,1655856000000000000,0.0028749007112188383,0.93134059066088193,0.015788837623293122,0.91499888814765384,2998
1022,1655942400000000000,0.00025970642289399251,0.93108088423798796,0.015708181566986702,0.91470833333333335,3000
1023,1656028800000000000,0.0028497389638586111,0.92823114527412953,0.016694149016599606,0.91481697819314634,2996
1024,1656288000000000000,0.065750150479078631,0.93375455569129318,0.012754476585120715,0.91318055555555566,3000
1025,1656374400000000000,0.00056149414535880838,0.93319306154593451,0.012227803172455023,0.91474241413804569,2999
1026,1656460800000000000,0.00055454655689519158,0.93263851498903927,0.012782349729350185,0.91499305555555532,3000
1027,1656547200000000000,0.0011594497047485905,0.93147906528429059,0.013941799434098722,0.91659027777777802,3000
1028,1656633600000000000,0.0037052445180692896,0.92777382076622161,0.014662494835235438,0.91614531197864546,2997
1029,1656979200000000000,0.065439695647972071,0.93314403194807871,0.01163433920581316,0.91462431921751675,2999
1030,1657065600000000000,0.001563176519259519,0.9315808554288193,0.011192165410070124,0.91458889259506337,2998
1031,1657152000000000000,0.0011161420425920277,0.93046471338622727,0.0119814132263818,0.91475694444444433,3000
1032,1657238400000000000,0.0013724352896069391,0.92909227809662032,0.013291483823285146,0.91456250000000028,3000
1033,1657497600000000000,8.0133494534737088e-06,0.92908426474716688,0.013299497172738642,0.91542361111111115,3000
1034,1657584000000000000,0.063967711726046581,0.93467913929727686,0.010581828020394772,0.91658333333333331,3000
1035,1657670400000000000,0.00071124064485034806,0.93396789865242658,0.011293068665245109,0.91800694444444431,3000
1036,1657756800000000000,0.00057849724503219882,0.93338940140739446,0.011871565910277292,0.91882638888888879,3000
1037,1657843200000000000,0.00063434782098834171,0.9327550535864062,0.01209216168247397,0.91889583333333302,3000
1038,1658102400000000000,0.00077353486921418542,0.93198151871719181,0.012448956358570698,0.91838888888888881,3000
1039,1658188800000000000,0.066162944639996724,0.93685262732113361,0.0089074360707742072,0.91972324108035985,2999
1040,1658275200000000000,0.0011465424872682923,0.93570608483386541,0.0088370084093725813,0.9200566855618536,2999
1041,1658361600000000000,0.0013763312929634529,0.93432975354090197,0.0082236703654738723,0.91957930152374612,2997
1042,1658448000000000000,0.0012743819888031672,0.93305537155209861,0.0081793348369418144,0.91956346559964419,2999
1043,1658707200000000000,0.00089816286479162176,0.93215720868730689,0.0076002043996387242,0.9193759030788039,2999
1044,1658793600000000000,0.069547330510204425,0.93533759343275169,0.0058722075868771033,0.92018867400244519,2999
1045,1658880000000000000,0.0015146591846917929,0.93382293424805984,0.0073868667715687557,0.92013194444444468,3000
1046,1658966400000000000,0.0010292310291985501,0.93279370321886113,0.0083571135622343366,0.91991666666666649,3000
1047,1659052800000000000,0.0012727365828089632,0.93152096663605222,0.0079447524035952833,0.92051517172390762,2999
1048,1659312000000000000,0.0021403180457185257,0.92938064859033354,0.0091827928235759231,0.92003584528176086,2999
1049,1659398400000000000,0.072167819010537662,0.93229233736789885,0.0066432852962906228,0.92006250000000001,3000
1050,1659484800000000000,0.0022220870089075815,0.93007025035899094,0.0060631226602471102,0.92048865910607092,2998
1051,1659571200000000000,0.0023795675138387632,0.92769068284515233,0.0064147433655230863,0.91884100255640766,2999
1052,1659657600000000000,0.00032518365037703851,0.92736549919477507,0.0063010714342681354,0.91904166666666665,3000
1053,1659916800000000000,0.00047696785089923054,0.92688853134387572,0.0062576997671660731,0.92012615316216517,2999
1054,1660003200000000000,0.078032930598668809,0.92912969604108653,0.0061738080688318094,0.9206458333333335,3000
1055,1660089600000000000,0.0010893416452437503,0.9280403543958432,0.0059704872089005019,0.92145298432810963,2999
1056,1660176000000000000,0.0013750892645726417,0.92666526513127045,0.0068411068966031758,0.92090277777777785,3000
1057,1660262400000000000,0.00099021731075511982,0.92567504782051546,0.0078313242073582874,0.92134183616761134,2999
1058,1660521600000000000,0.0011673980708176786,0.92450764974969801,0.0082550539977990153,0.92001500500166733,2999
1059,1660608000000000000,0.07908634907317226,0.92825873810680737,0.0055870752951483983,0.92083611296419832,2998
1060,1660694400000000000,0.00080100519415802606,0.92745773291264932,0.0058536467014513377,0.92124068512957402,2997
1061,1660780800000000000,0.00067693313400463834,0.9267807997786448,0.0063931953994324419,0.92129166666666662,3000
1062,1660867200000000000,0.00053781913368906246,0.9262429806449558,0.0069310145331213996,0.92151388888888852,3000
1063,1661126400000000000,0.00077565741936054641,0.92546732322559555,0.0077066719524819648,0.9225902777777778,3000
1064,1661212800000000000,0.077589086943089983,0.92844656857617136,0.0059305240172333644,0.92321746137601413,2999
1065,1661299200000000000,0.00053221335502265355,0.92791435522114862,0.0061516096964999894,0.92348838501722796,2999
1066,1661385600000000000,0.00037865377785504465,0.92753570144329367,0.0065302634743550575,0.92433588974102499,2999
1067,1661472000000000000,0.0019430959953467023,0.92559260544794675,0.0060785949116997457,0.92340277777777757,3000
1068,1661731200000000000,0.00094611466212270266,0.92464649078582417,0.0052226317671535084,0.92463030909495225,2998
1069,1661817600000000000,0.073085664918742438,0.93034409974377641,0.0041417454075243516,0.92541958430587978,2999
1070,1661904000000000000,0.0012816849695331772,0.92906241477424301,0.0054234303770574824,0.92559722222222207,3000
1071,1661990400000000000,0.00019892018157214108,0.92886349459267081,0.0055348649713999401,0.92583333333333329,3000
1072,1662076800000000000,0.0012594880209044934,0.92760400657176634,0.00679435299230444,0.9256319444444443,3000
1073,1662422400000000000,0.00030164674621097884,0.92730235982555542,0.0070959997385154133,0.92669444444444449,3000
1074,1662508800000000000,0.071181979354160763,0.93309115574653068,0.0054935970028781537,0.92717361111111118,3000
1075,1662595200000000000,0.00056628732271879164,0.93252486842381188,0.0049810874579371348,0.92746527777777765,3000
1076,1662681600000000000,0.0018747381552021525,0.93065013026860977,0.0057106406838887298,0.92759061596619974,2998
1077,1662940800000000000,0.0015153473012125816,0.92913478296739738,0.0049663549148738061,0.92813646980313647,2997
1078,1663027200000000000,0.00022905226618955259,0.92890573070120763,0.0051078478815190179,0.92787500000000034,3000
1079,1663113600000000000,0.074329632221938474,0.93301644602995737,0.0044988932925035746,0.92794444444444468,3000
1080,1663200000000000000,0.00051579366096707649,0.93250065236899027,0.0043326673095600357,0.92793749999999986,3000
1081,1663286400000000000,0.00079835287645814575,0.93170229949253225,0.0046758771057284496,0.92895833333333366,3000
1082,1663545600000000000,0.0018597115566147103,0.92984258793591745,0.005424340797148759,0.9296319444444443,3000
1083,1663632000000000000,0.0021597269051354877,0.9276828610307819,0.0072214471521605357,0.92919444444444432,3000
1084,1663718400000000000,0.074710725466123132,0.93030664106156313,0.0059502992284893984,0.92907358008224961,2999
1085,1663804800000000000,0.00074174355641172139,0.92956489750515137,0.0066681697891921195,0.92889583333333314,3000
1086,1663891200000000000,0.0015373851634221493,0.92802751234172909,0.0082055549526142899,0.92946527777777799,3000
1087,1664150400000000000,0.0021115781985219162,0.92591593414320728,0.0097254743979951364,0.92752777777777795,3000
1088,1664236800000000000,0.0024243764582856974,0.92349155768492153,0.011307255173645501,0.92714238079359801,2999
1089,1664323200000000000,0.068164399114767793,0.92882833136211884,0.0084795005069897289,0.92725694444444451,3000
1090,1664409600000000000,0.00040041965485896448,0.92842791170725958,0.0088799201618487197,0.92824305555555564,3000
1091,1664496000000000000,0.0021445482903322492,0.92628336341692741,0.0097204158588025894,0.92769485212363823,2998
1092,1664755200000000000,0.0019462006169296421,0.92433716279999767,0.0093650041187366088,0.92789317094872659,2997
1093,1664841600000000000,0.0019547469743892024,0.92238241582560843,0.0087411772658805443,0.92666305435145047,2999
1094,1664928000000000000,0.064772828259723178,0.92961617867750135,0.0064943227415408863,0.92614204734911643,2999
1095,1665014400000000000,0.0010448751150949243,0.92857130356240614,0.0067323927635025791,0.92578081582749816,2999
1096,1665100800000000000,0.0019158564076627864,0.92665544715474346,0.0086482491711653113,0.92613510058908532,2999
1097,1665360000000000000,0.000881004187172435,0.92577444296757105,0.0095292533583377723,0.92602083333333329,3000
1098,1665446400000000000,0.0013329562896988026,0.92444148667787218,0.010804047128051877,0.92635739691008123,2999
1099,1665532800000000000,0.066429023037509416,0.93162929358581104,0.0083093452170455058,0.92736824549699781,2998
1100,1665619200000000000,0.0019513120542628487,0.92967798153154868,0.0085866711580474455,0.9257460820273421,2999
1101,1665705600000000000,0.00080953292735745034,0.92886844860419127,0.0093962040854048915,0.92544042458597331,2999
1102,1665964800000000000,0.0016040237289277684,0.92726442487526362,0.010542132457331195,0.92536401022563075,2999
1103,1666051200000000000,0.00094984349620170789,0.92631458137906209,0.011021660946193943,0.92553767922640906,2999
1104,1666137600000000000,0.063715792693260456,0.93344781844130176,0.0077070221112141273,0.92593982871760649,2997
1105,1666224000000000000,0.0013140799492111202,0.9321337384920908,0.0079087931089833145,0.92516255418472826,2999
1106,1666310400000000000,4.6213622651654723e-06,0.93212911712982571,0.007913414471248487,0.92585416666666687,3000
1107,1666569600000000000,6.3079887437142649e-05,0.93206603724238857,0.0078693808105091082,0.92654166666666682,3000
1108,1666656000000000000,0.0011831760497470678,0.93088286119264152,0.0090525568602561751,0.92651388888888897,3000
1109,1666742400000000000,0.060662981434696894,0.9381187661784004,0.0073527692982704954,0.92732638888888885,3000
1110,1666828800000000000,0.00023062487871214151,0.93788814129968834,0.0071715374450585304,0.92807638888888855,3000
1111,1666915200000000000,0.00084559504878861007,0.93704254625089978,0.0070483339646313266,0.9281288207180175,2999
1112,1667174400000000000,3.6294496559123682e-05,0.9370062517543406,0.0070581917692338798,0.92893750000000019,3000
1113,1667260800000000000,0.0021010161865312577,0.93490523556780913,0.0083679293726555137,0.92851783927975973,2999
1114,1667347200000000000,0.062230801661054998,0.93994950433537161,0.0072072326177007422,0.92772916666666683,3000
1115,1667433600000000000,0.0014056587059043122,0.93854384562946691,0.0084107403078846968,0.92815277777777772,3000
1116,1667520000000000000,0.0022642820566666647,0.93627956357280007,0.010239457925594017,0.92827470267867074,2999
1117,1667779200000000000,0.00062504462922736829,0.93565451894357266,0.0096465818241751478,0.92923611111111115,3000
1118,1667865600000000000,0.00055673015460724635,0.93509778878896532,0.010050776475022635,0.92944444444444452,3000
1119,1667952000000000000,0.063726421613752082,0.93904207094127201,0.0086627232254592144,0.92856646659997777,2999
1120,1668038400000000000,0.00085700680610868382,0.93818506413516334,0.0094419375758948102,0.92848611111111101,3000
1121,1668124800000000000,0.0021532779130749987,0.93603178622208827,0.011595215488969798,0.92723611111111082,3000
1122,1668384000000000000,0.0022732100246870592,0.93375857619740121,0.01241546218744102,0.92700694444444454,3000
1123,1668470400000000000,0.0016489187611637467,0.93210965743623742,0.01359537790974466,0.92712848727353581,2999
1124,1668556800000000000,0.064995669189707728,0.9364281543082742,0.010425941238699568,0.92783333333333329,3000
1125,1668643200000000000,0.0015896604953783578,0.93483849381289563,0.010684089922910082,0.92844142491941783,2999
1126,1668729600000000000,0.00037424238970362543,0.93446425142319189,0.011058332312613703,0.92820833333333319,3000
1127,1668988800000000000,0.00060273502318195459,0.93386151640000992,0.011661067335795666,0.92852083333333313,3000
1128,1669075200000000000,0.00060047155963063794,0.93326104484037931,0.011280049026861722,0.92869551923504579,2998
1129,1669161600000000000,0.069206886252884264,0.93566933084779547,0.0082733455741871593,0.92844535245719395,2998
1130,1669334400000000000,5.6966580911910131e-05,0.93561236426688354,0.008330312155099065,0.92886805555555552,3000
1131,1669593600000000000,0.00080543842281589873,0.93480692584406755,0.00884947666286948,0.92953472222222244,3000
1132,1669680000000000000,0.00020089693951813242,0.93460602890454936,0.0090503736023875882,0.93007638888888866,3000
1133,1669766400000000000,0.00017047881370782538,0.93443555009084156,0.0092208524160953889,0.93118750000000028,3000
1134,1669852800000000000,0.072111752217691644,0.93575540498063281,0.0078949267287371887,0.93077104882660444,2997
1135,1669939200000000000,0.00020640623024383627,0.93554899875038888,0.0080276421556903007,0.93072916666666672,3000
1136,1670198400000000000,0.00030018425389482443,0.935248814496494,0.0082537361437397851,0.93104166666666677,3000
1137,1670284800000000000,0.0013953153228943318,0.93385349917359972,0.0077612266410273982,0.93074080248971858,2999
1138,1670371200000000000,0.00061509253962240419,0.93323840663397739,0.0079349293269017473,0.93052777777777773,3000
1139,1670457600000000000,0.073588810398634324,0.9343476710488583,0.0071816495830147199,0.93049999999999988,3000
1140,1670544000000000000,0.001771397346427106,0.93257627370243112,0.0089530469294418578,0.93009027777777797,3000
1141,1670803200000000000,0.0024586550406769407,0.93011761866175435,0.011411701970118848,0.93035416666666682,3000
1142,1670889600000000000,0.00066813065603961539,0.92944948800571481,0.010984174034004235,0.93027536956763357,2999
1143,1670976000000000000,0.00076744247647584426,0.92868204552923883,0.011751616510480078,0.93027777777777798,3000
1144,1671062400000000000,0.077430111420390108,0.92948924802975363,0.0092921140662504398,0.93018506168722903,2999
1145,1671148800000000000,0.0031644583076202801,0.92632478972213284,0.0078296672140497868,0.92893302180685344,2996
1146,1671408000000000000,0.0010663948879929019,0.92525839483414007,0.0088960621020427264,0.92772916666666683,3000
1147,1671494400000000000,0.0016217479262940287,0.92363664690784608,0.010517810028336736,0.92720833333333319,3000
1148,1671580800000000000,0.00078404735779339014,0.92285259955005261,0.011301857386130145,0.92780555555555533,3000
1149,1671667200000000000,0.076484680737993457,0.92543012308593176,0.0087395381724243472,0.92789263087695895,2999
1150,1671753600000000000,0.001859120238780947,0.92357100284715077,0.0098497636036722382,0.9273438368345005,2999
1151,1672099200000000000,0.0004465119893593268,0.92312449085779147,0.0094140368506808354,0.92839583333333298,3000
1152,1672185600000000000,0.00094396561734491082,0.92218052524044658,0.010124315394872845,0.92838888888888915,3000
1153,1672272000000000000,0.001607114748943564,0.9205734104915031,0.0097548758964430583,0.92899432955303551,2998
1154,1672358400000000000,0.073671547928517545,0.92638779867872745,0.0076230645193365977,0.92914583333333334,3000
