rule_id,item_id,canonical_code,basis,source_aliases_json,source_item_ids_json,combination_rule,sign_rule,scale_rule,missing_policy,is_active,valid_from,valid_to
std_annual_1001,1001,revenue,annual,"[{""alias_code"":""RevenueFromContractWithCustomerExcludingAssessedTax"",""alias_scheme"":""us-gaap"",""priority"":10},{""alias_code"":""Revenues"",""alias_scheme"":""us-gaap"",""priority"":20},{""alias_code"":""SalesRevenueNet"",""alias_scheme"":""us-gaap"",""priority"":30}]",[],coalesce_priority,statement_normalized,identity,skip,true,1900-01-01,
std_ttm_1001,1001,revenue,ttm,"[{""alias_code"":""RevenueFromContractWithCustomerExcludingAssessedTax"",""alias_scheme"":""us-gaap"",""priority"":10},{""alias_code"":""Revenues"",""alias_scheme"":""us-gaap"",""priority"":20},{""alias_code"":""SalesRevenueNet"",""alias_scheme"":""us-gaap"",""priority"":30}]",[],coalesce_priority,statement_normalized,identity,skip,true,1900-01-01,
std_annual_1002,1002,sales_legacy,annual,[],[],coalesce_priority,statement_normalized,identity,skip,true,1900-01-01,
std_ttm_1002,1002,sales_legacy,ttm,[],[],coalesce_priority,statement_normalized,identity,skip,true,1900-01-01,
std_annual_1003,1003,cost_of_revenue_cogs,annual,"[{""alias_code"":""CostOfGoodsAndServicesSold"",""alias_scheme"":""us-gaap"",""priority"":10},{""alias_code"":""CostOfRevenue"",""alias_scheme"":""us-gaap"",""priority"":20},{""alias_code"":""CostOfGoodsSold"",""alias_scheme"":""us-gaap"",""priority"":30}]",[],coalesce_priority,statement_normalized,identity,skip,true,1900-01-01,
std_ttm_1003,1003,cost_of_revenue_cogs,ttm,"[{""alias_code"":""CostOfGoodsAndServicesSold"",""alias_scheme"":""us-gaap"",""priority"":10},{""alias_code"":""CostOfRevenue"",""alias_scheme"":""us-gaap"",""priority"":20},{""alias_code"":""CostOfGoodsSold"",""alias_scheme"":""us-gaap"",""priority"":30}]",[],coalesce_priority,statement_normalized,identity,skip,true,1900-01-01,
std_annual_1004,1004,gross_profit__1004,annual,"[{""alias_code"":""GrossProfit"",""alias_scheme"":""us-gaap"",""priority"":10}]",[],coalesce_priority,statement_normalized,identity,skip,true,1900-01-01,
std_ttm_1004,1004,gross_profit__1004,ttm,"[{""alias_code"":""GrossProfit"",""alias_scheme"":""us-gaap"",""priority"":10}]",[],coalesce_priority,statement_normalized,identity,skip,true,1900-01-01,
std_annual_1005,1005,sg_and_a,annual,"[{""alias_code"":""SellingGeneralAndAdministrativeExpense"",""alias_scheme"":""us-gaap"",""priority"":10}]",[],coalesce_priority,statement_normalized,identity,skip,true,1900-01-01,
std_ttm_1005,1005,sg_and_a,ttm,"[{""alias_code"":""SellingGeneralAndAdministrativeExpense"",""alias_scheme"":""us-gaap"",""priority"":10}]",[],coalesce_priority,statement_normalized,identity,skip,true,1900-01-01,
std_annual_1006,1006,selling_expense_only,annual,"[{""alias_code"":""SellingAndMarketingExpense"",""alias_scheme"":""us-gaap"",""priority"":10}]",[],coalesce_priority,statement_normalized,identity,skip,true,1900-01-01,
std_ttm_1006,1006,selling_expense_only,ttm,"[{""alias_code"":""SellingAndMarketingExpense"",""alias_scheme"":""us-gaap"",""priority"":10}]",[],coalesce_priority,statement_normalized,identity,skip,true,1900-01-01,
std_annual_1007,1007,g_and_a_expense_only,annual,"[{""alias_code"":""GeneralAndAdministrativeExpense"",""alias_scheme"":""us-gaap"",""priority"":10}]",[],coalesce_priority,statement_normalized,identity,skip,true,1900-01-01,
std_ttm_1007,1007,g_and_a_expense_only,ttm,"[{""alias_code"":""GeneralAndAdministrativeExpense"",""alias_scheme"":""us-gaap"",""priority"":10}]",[],coalesce_priority,statement_normalized,identity,skip,true,1900-01-01,
std_annual_1008,1008,r_and_d_expense,annual,"[{""alias_code"":""ResearchAndDevelopmentExpense"",""alias_scheme"":""us-gaap"",""priority"":10}]",[],coalesce_priority,statement_normalized,identity,skip,true,1900-01-01,
std_ttm_1008,1008,r_and_d_expense,ttm,"[{""alias_code"":""ResearchAndDevelopmentExpense"",""alias_scheme"":""us-gaap"",""priority"":10}]",[],coalesce_priority,statement_normalized,identity,skip,true,1900-01-01,
std_annual_1009,1009,advertising,annual,"[{""alias_code"":""AdvertisingExpense"",""alias_scheme"":""us-gaap"",""priority"":10}]",[],coalesce_priority,statement_normalized,identity,skip,true,1900-01-01,
std_ttm_1009,1009,advertising,ttm,"[{""alias_code"":""AdvertisingExpense"",""alias_scheme"":""us-gaap"",""priority"":10}]",[],coalesce_priority,statement_normalized,identity,skip,true,1900-01-01,
std_annual_1010,1010,operating_expenses_total,annual,"[{""alias_code"":""OperatingExpenses"",""alias_scheme"":""us-gaap"",""priority"":10}]",[],coalesce_priority,statement_normalized,identity,skip,true,1900-01-01,
std_ttm_1010,1010,operating_expenses_total,ttm,"[{""alias_code"":""OperatingExpenses"",""alias_scheme"":""us-gaap"",""priority"":10}]",[],coalesce_priority,statement_normalized,identity,skip,true,1900-01-01,
std_annual_1011,1011,d_and_a_income_statement,annual,"[{""alias_code"":""DepreciationAndAmortization"",""alias_scheme"":""us-gaap"",""priority"":10}]",[],coalesce_priority,statement_normalized,identity,skip,true,1900-01-01,
std_ttm_1011,1011,d_and_a_income_statement,ttm,"[{""alias_code"":""DepreciationAndAmortization"",""alias_scheme"":""us-gaap"",""priority"":10}]",[],coalesce_priority,statement_normalized,identity,skip,true,1900-01-01,
std_annual_1012,1012,depreciation_only,annual,"[{""alias_code"":""Depreciation"",""alias_scheme"":""us-gaap"",""priority"":10}]",[],coalesce_priority,statement_normalized,identity,skip,true,1900-01-01,
std_ttm_1012,1012,depreciation_only,ttm,"[{""alias_code"":""Depreciation"",""alias_scheme"":""us-gaap"",""priority"":10}]",[],coalesce_priority,statement_normalized,identity,skip,true,1900-01-01,
std_annual_1013,1013,amortization_of_intangibles,annual,"[{""alias_code"":""AmortizationOfIntangibleAssets"",""alias_scheme"":""us-gaap"",""priority"":10}]",[],coalesce_priority,statement_normalized,identity,skip,true,1900-01-01,
std_ttm_1013,1013,amortization_of_intangibles,ttm,"[{""alias_code"":""AmortizationOfIntangibleAssets"",""alias_scheme"":""us-gaap"",""priority"":10}]",[],coalesce_priority,statement_normalized,identity,skip,true,1900-01-01,
std_annual_1014,1014,operating_income,annual,"[{""alias_code"":""OperatingIncomeLoss"",""alias_scheme"":""us-gaap"",""priority"":10}]",[],coalesce_priority,statement_normalized,identity,skip,true,1900-01-01,
std_ttm_1014,1014,operating_income,ttm,"[{""alias_code"":""OperatingIncomeLoss"",""alias_scheme"":""us-gaap"",""priority"":10}]",[],coalesce_priority,statement_normalized,identity,skip,true,1900-01-01,
std_annual_1015,1015,operating_income_before_d_and_a_ebitda_ish,annual,[],[],coalesce_priority,statement_normalized,identity,skip,true,1900-01-01,
std_ttm_1015,1015,operating_income_before_d_and_a_ebitda_ish,ttm,[],[],coalesce_priority,statement_normalized,identity,skip,true,1900-01-01,
std_annual_1016,1016,ebitda_standardised,annual,[],[],coalesce_priority,statement_normalized,identity,skip,true,1900-01-01,
std_ttm_1016,1016,ebitda_standardised,ttm,[],[],coalesce_priority,statement_normalized,identity,skip,true,1900-01-01,
std_annual_1017,1017,ebit__1017,annual,[],[],coalesce_priority,statement_normalized,identity,skip,true,1900-01-01,
std_ttm_1017,1017,ebit__1017,ttm,[],[],coalesce_priority,statement_normalized,identity,skip,true,1900-01-01,
std_annual_1018,1018,interest_expense_total,annual,"[{""alias_code"":""InterestExpense"",""alias_scheme"":""us-gaap"",""priority"":10}]",[],coalesce_priority,statement_normalized,identity,skip,true,1900-01-01,
std_ttm_1018,1018,interest_expense_total,ttm,"[{""alias_code"":""InterestExpense"",""alias_scheme"":""us-gaap"",""priority"":10}]",[],coalesce_priority,statement_normalized,identity,skip,true,1900-01-01,
std_annual_1019,1019,interest_expense_debt_only,annual,"[{""alias_code"":""InterestExpenseDebt"",""alias_scheme"":""us-gaap"",""priority"":10}]",[],coalesce_priority,statement_normalized,identity,skip,true,1900-01-01,
std_ttm_1019,1019,interest_expense_debt_only,ttm,"[{""alias_code"":""InterestExpenseDebt"",""alias_scheme"":""us-gaap"",""priority"":10}]",[],coalesce_priority,statement_normalized,identity,skip,true,1900-01-01,
std_annual_1020,1020,interest_income,annual,"[{""alias_code"":""InterestIncome"",""alias_scheme"":""us-gaap"",""priority"":10},{""alias_code"":""InvestmentIncomeInterest"",""alias_scheme"":""us-gaap"",""priority"":20}]",[],coalesce_priority,statement_normalized,identity,skip,true,1900-01-01,
std_ttm_1020,1020,interest_income,ttm,"[{""alias_code"":""InterestIncome"",""alias_scheme"":""us-gaap"",""priority"":10},{""alias_code"":""InvestmentIncomeInterest"",""alias_scheme"":""us-gaap"",""priority"":20}]",[],coalesce_priority,statement_normalized,identity,skip,true,1900-01-01,
std_annual_1021,1021,non_operating_income_expense,annual,"[{""alias_code"":""NonoperatingIncomeExpense"",""alias_scheme"":""us-gaap"",""priority"":10}]",[],coalesce_priority,statement_normalized,identity,skip,true,1900-01-01,
std_ttm_1021,1021,non_operating_income_expense,ttm,"[{""alias_code"":""NonoperatingIncomeExpense"",""alias_scheme"":""us-gaap"",""priority"":10}]",[],coalesce_priority,statement_normalized,identity,skip,true,1900-01-01,
std_annual_1022,1022,special_items,annual,"[{""alias_code"":""RestructuringCharges"",""alias_scheme"":""us-gaap"",""priority"":10},{""alias_code"":""AssetImpairmentCharges"",""alias_scheme"":""us-gaap"",""priority"":20}]",[],coalesce_priority,statement_normalized,identity,skip,true,1900-01-01,
std_ttm_1022,1022,special_items,ttm,"[{""alias_code"":""RestructuringCharges"",""alias_scheme"":""us-gaap"",""priority"":10},{""alias_code"":""AssetImpairmentCharges"",""alias_scheme"":""us-gaap"",""priority"":20}]",[],coalesce_priority,statement_normalized,identity,skip,true,1900-01-01,
std_annual_1023,1023,pretax_income,annual,"[{""alias_code"":""IncomeLossFromContinuingOperationsBeforeIncomeTaxesExtraordinaryItemsNoncontrollingInterest"",""alias_scheme"":""us-gaap"",""priority"":10}]",[],coalesce_priority,statement_normalized,identity,skip,true,1900-01-01,
std_ttm_1023,1023,pretax_income,ttm,"[{""alias_code"":""IncomeLossFromContinuingOperationsBeforeIncomeTaxesExtraordinaryItemsNoncontrollingInterest"",""alias_scheme"":""us-gaap"",""priority"":10}]",[],coalesce_priority,statement_normalized,identity,skip,true,1900-01-01,
std_annual_1024,1024,income_tax_total,annual,"[{""alias_code"":""IncomeTaxExpenseBenefit"",""alias_scheme"":""us-gaap"",""priority"":10}]",[],coalesce_priority,statement_normalized,identity,skip,true,1900-01-01,
std_ttm_1024,1024,income_tax_total,ttm,"[{""alias_code"":""IncomeTaxExpenseBenefit"",""alias_scheme"":""us-gaap"",""priority"":10}]",[],coalesce_priority,statement_normalized,identity,skip,true,1900-01-01,
std_annual_1025,1025,current_tax,annual,"[{""alias_code"":""CurrentIncomeTaxExpenseBenefit"",""alias_scheme"":""us-gaap"",""priority"":10}]",[],coalesce_priority,statement_normalized,identity,skip,true,1900-01-01,
std_ttm_1025,1025,current_tax,ttm,"[{""alias_code"":""CurrentIncomeTaxExpenseBenefit"",""alias_scheme"":""us-gaap"",""priority"":10}]",[],coalesce_priority,statement_normalized,identity,skip,true,1900-01-01,
std_annual_1026,1026,deferred_tax,annual,"[{""alias_code"":""DeferredIncomeTaxExpenseBenefit"",""alias_scheme"":""us-gaap"",""priority"":10}]",[],coalesce_priority,statement_normalized,identity,skip,true,1900-01-01,
std_ttm_1026,1026,deferred_tax,ttm,"[{""alias_code"":""DeferredIncomeTaxExpenseBenefit"",""alias_scheme"":""us-gaap"",""priority"":10}]",[],coalesce_priority,statement_normalized,identity,skip,true,1900-01-01,
std_annual_1027,1027,minority_interest_p_and_l,annual,"[{""alias_code"":""NetIncomeLossAttributableToNoncontrollingInterest"",""alias_scheme"":""us-gaap"",""priority"":10},{""alias_code"":""MinorityInterestInNetIncomeLoss"",""alias_scheme"":""us-gaap"",""priority"":20}]",[],coalesce_priority,statement_normalized,identity,skip,true,1900-01-01,
std_ttm_1027,1027,minority_interest_p_and_l,ttm,"[{""alias_code"":""NetIncomeLossAttributableToNoncontrollingInterest"",""alias_scheme"":""us-gaap"",""priority"":10},{""alias_code"":""MinorityInterestInNetIncomeLoss"",""alias_scheme"":""us-gaap"",""priority"":20}]",[],coalesce_priority,statement_normalized,identity,skip,true,1900-01-01,
std_annual_1028,1028,equity_in_affiliates,annual,"[{""alias_code"":""IncomeLossFromEquityMethodInvestments"",""alias_scheme"":""us-gaap"",""priority"":10}]",[],coalesce_priority,statement_normalized,identity,skip,true,1900-01-01,
std_ttm_1028,1028,equity_in_affiliates,ttm,"[{""alias_code"":""IncomeLossFromEquityMethodInvestments"",""alias_scheme"":""us-gaap"",""priority"":10}]",[],coalesce_priority,statement_normalized,identity,skip,true,1900-01-01,
std_annual_1029,1029,income_before_extraordinary,annual,"[{""alias_code"":""IncomeLossFromContinuingOperations"",""alias_scheme"":""us-gaap"",""priority"":10}]",[],coalesce_priority,statement_normalized,identity,skip,true,1900-01-01,
std_ttm_1029,1029,income_before_extraordinary,ttm,"[{""alias_code"":""IncomeLossFromContinuingOperations"",""alias_scheme"":""us-gaap"",""priority"":10}]",[],coalesce_priority,statement_normalized,identity,skip,true,1900-01-01,
std_annual_1030,1030,discontinued_ops_ni,annual,"[{""alias_code"":""IncomeLossFromDiscontinuedOperationsNetOfTax"",""alias_scheme"":""us-gaap"",""priority"":10}]",[],coalesce_priority,statement_normalized,identity,skip,true,1900-01-01,
std_ttm_1030,1030,discontinued_ops_ni,ttm,"[{""alias_code"":""IncomeLossFromDiscontinuedOperationsNetOfTax"",""alias_scheme"":""us-gaap"",""priority"":10}]",[],coalesce_priority,statement_normalized,identity,skip,true,1900-01-01,
std_annual_1031,1031,net_income_total,annual,"[{""alias_code"":""NetIncomeLoss"",""alias_scheme"":""us-gaap"",""priority"":10}]",[],coalesce_priority,statement_normalized,identity,skip,true,1900-01-01,
std_ttm_1031,1031,net_income_total,ttm,"[{""alias_code"":""NetIncomeLoss"",""alias_scheme"":""us-gaap"",""priority"":10}]",[],coalesce_priority,statement_normalized,identity,skip,true,1900-01-01,
std_annual_1032,1032,net_income_to_common,annual,"[{""alias_code"":""NetIncomeLossAvailableToCommonStockholdersBasic"",""alias_scheme"":""us-gaap"",""priority"":10}]",[],coalesce_priority,statement_normalized,identity,skip,true,1900-01-01,
std_ttm_1032,1032,net_income_to_common,ttm,"[{""alias_code"":""NetIncomeLossAvailableToCommonStockholdersBasic"",""alias_scheme"":""us-gaap"",""priority"":10}]",[],coalesce_priority,statement_normalized,identity,skip,true,1900-01-01,
std_annual_1033,1033,preferred_dividends,annual,"[{""alias_code"":""PreferredStockDividends"",""alias_scheme"":""us-gaap"",""priority"":10}]",[],coalesce_priority,statement_normalized,identity,skip,true,1900-01-01,
std_ttm_1033,1033,preferred_dividends,ttm,"[{""alias_code"":""PreferredStockDividends"",""alias_scheme"":""us-gaap"",""priority"":10}]",[],coalesce_priority,statement_normalized,identity,skip,true,1900-01-01,
std_annual_1034,1034,eps_basic__1034,annual,"[{""alias_code"":""EarningsPerShareBasic"",""alias_scheme"":""us-gaap"",""priority"":10}]",[],coalesce_priority,statement_normalized,identity,skip,true,1900-01-01,
std_ttm_1034,1034,eps_basic__1034,ttm,"[{""alias_code"":""EarningsPerShareBasic"",""alias_scheme"":""us-gaap"",""priority"":10}]",[],coalesce_priority,statement_normalized,identity,skip,true,1900-01-01,
std_annual_1035,1035,eps_diluted,annual,"[{""alias_code"":""EarningsPerShareDiluted"",""alias_scheme"":""us-gaap"",""priority"":10}]",[],coalesce_priority,statement_normalized,identity,skip,true,1900-01-01,
std_ttm_1035,1035,eps_diluted,ttm,"[{""alias_code"":""EarningsPerShareDiluted"",""alias_scheme"":""us-gaap"",""priority"":10}]",[],coalesce_priority,statement_normalized,identity,skip,true,1900-01-01,
std_annual_1036,1036,eps_basic_incl_extra,annual,"[{""alias_code"":""IncomeLossFromContinuingOperationsPerBasicShare"",""alias_scheme"":""us-gaap"",""priority"":10}]",[],coalesce_priority,statement_normalized,identity,skip,true,1900-01-01,
std_ttm_1036,1036,eps_basic_incl_extra,ttm,"[{""alias_code"":""IncomeLossFromContinuingOperationsPerBasicShare"",""alias_scheme"":""us-gaap"",""priority"":10}]",[],coalesce_priority,statement_normalized,identity,skip,true,1900-01-01,
std_annual_1037,1037,eps_diluted_incl_extra,annual,"[{""alias_code"":""IncomeLossFromContinuingOperationsPerDilutedShare"",""alias_scheme"":""us-gaap"",""priority"":10}]",[],coalesce_priority,statement_normalized,identity,skip,true,1900-01-01,
std_ttm_1037,1037,eps_diluted_incl_extra,ttm,"[{""alias_code"":""IncomeLossFromContinuingOperationsPerDilutedShare"",""alias_scheme"":""us-gaap"",""priority"":10}]",[],coalesce_priority,statement_normalized,identity,skip,true,1900-01-01,
std_annual_1038,1038,eps_diluted_ltm,annual,[],[],coalesce_priority,statement_normalized,identity,skip,true,1900-01-01,
std_ttm_1038,1038,eps_diluted_ltm,ttm,[],[],coalesce_priority,statement_normalized,identity,skip,true,1900-01-01,
std_instant_1039,1039,shares_outstanding_period_end,instant,"[{""alias_code"":""CommonStockSharesOutstanding"",""alias_scheme"":""us-gaap"",""priority"":10},{""alias_code"":""EntityCommonStockSharesOutstanding"",""alias_scheme"":""dei"",""priority"":20}]",[],coalesce_priority,statement_normalized,identity,skip,true,1900-01-01,
std_annual_1040,1040,weighted_avg_shares_basic,annual,"[{""alias_code"":""WeightedAverageNumberOfSharesOutstandingBasic"",""alias_scheme"":""us-gaap"",""priority"":10}]",[],coalesce_priority,statement_normalized,identity,skip,true,1900-01-01,
std_ttm_1040,1040,weighted_avg_shares_basic,ttm,"[{""alias_code"":""WeightedAverageNumberOfSharesOutstandingBasic"",""alias_scheme"":""us-gaap"",""priority"":10}]",[],coalesce_priority,statement_normalized,identity,skip,true,1900-01-01,
std_annual_1041,1041,weighted_avg_shares_diluted,annual,"[{""alias_code"":""WeightedAverageNumberOfDilutedSharesOutstanding"",""alias_scheme"":""us-gaap"",""priority"":10}]",[],coalesce_priority,statement_normalized,identity,skip,true,1900-01-01,
std_ttm_1041,1041,weighted_avg_shares_diluted,ttm,"[{""alias_code"":""WeightedAverageNumberOfDilutedSharesOutstanding"",""alias_scheme"":""us-gaap"",""priority"":10}]",[],coalesce_priority,statement_normalized,identity,skip,true,1900-01-01,
std_annual_1042,1042,normalised_income,annual,[],[],coalesce_priority,statement_normalized,identity,skip,true,1900-01-01,
std_ttm_1042,1042,normalised_income,ttm,[],[],coalesce_priority,statement_normalized,identity,skip,true,1900-01-01,
std_annual_1043,1043,common_dividends_declared_per_share,annual,[],[],coalesce_priority,statement_normalized,identity,skip,true,1900-01-01,
std_ttm_1043,1043,common_dividends_declared_per_share,ttm,[],[],coalesce_priority,statement_normalized,identity,skip,true,1900-01-01,
std_instant_1101,1101,total_assets,instant,"[{""alias_code"":""Assets"",""alias_scheme"":""us-gaap"",""priority"":10}]",[],coalesce_priority,statement_normalized,identity,skip,true,1900-01-01,
std_instant_1102,1102,current_assets,instant,"[{""alias_code"":""AssetsCurrent"",""alias_scheme"":""us-gaap"",""priority"":10}]",[],coalesce_priority,statement_normalized,identity,skip,true,1900-01-01,
std_instant_1103,1103,cash_and_st_investments,instant,[],[],coalesce_priority,statement_normalized,identity,skip,true,1900-01-01,
std_instant_1104,1104,cash_only,instant,"[{""alias_code"":""Cash"",""alias_scheme"":""us-gaap"",""priority"":10},{""alias_code"":""CashAndCashEquivalentsAtCarryingValue"",""alias_scheme"":""us-gaap"",""priority"":20}]",[],coalesce_priority,statement_normalized,identity,skip,true,1900-01-01,
std_instant_1105,1105,short_term_investments,instant,"[{""alias_code"":""ShortTermInvestments"",""alias_scheme"":""us-gaap"",""priority"":10},{""alias_code"":""MarketableSecuritiesCurrent"",""alias_scheme"":""us-gaap"",""priority"":20}]",[],coalesce_priority,statement_normalized,identity,skip,true,1900-01-01,
std_instant_1106,1106,accounts_receivable,instant,"[{""alias_code"":""AccountsReceivableNetCurrent"",""alias_scheme"":""us-gaap"",""priority"":10},{""alias_code"":""ReceivablesNetCurrent"",""alias_scheme"":""us-gaap"",""priority"":20}]",[],coalesce_priority,statement_normalized,identity,skip,true,1900-01-01,
std_instant_1107,1107,inventory,instant,"[{""alias_code"":""InventoryNet"",""alias_scheme"":""us-gaap"",""priority"":10}]",[],coalesce_priority,statement_normalized,identity,skip,true,1900-01-01,
std_instant_1108,1108,prepaid_expense,instant,"[{""alias_code"":""PrepaidExpenseCurrent"",""alias_scheme"":""us-gaap"",""priority"":10}]",[],coalesce_priority,statement_normalized,identity,skip,true,1900-01-01,
std_instant_1109,1109,other_current_assets,instant,"[{""alias_code"":""OtherAssetsCurrent"",""alias_scheme"":""us-gaap"",""priority"":10}]",[],coalesce_priority,statement_normalized,identity,skip,true,1900-01-01,
std_instant_1110,1110,pp_and_e_net,instant,"[{""alias_code"":""PropertyPlantAndEquipmentNet"",""alias_scheme"":""us-gaap"",""priority"":10}]",[],coalesce_priority,statement_normalized,identity,skip,true,1900-01-01,
std_instant_1111,1111,pp_and_e_gross,instant,"[{""alias_code"":""PropertyPlantAndEquipmentGross"",""alias_scheme"":""us-gaap"",""priority"":10}]",[],coalesce_priority,statement_normalized,identity,skip,true,1900-01-01,
std_instant_1112,1112,accumulated_depreciation,instant,"[{""alias_code"":""AccumulatedDepreciationDepletionAndAmortizationPropertyPlantAndEquipment"",""alias_scheme"":""us-gaap"",""priority"":10}]",[],coalesce_priority,statement_normalized,identity,skip,true,1900-01-01,
std_instant_1113,1113,intangibles_total,instant,[],[],coalesce_priority,statement_normalized,identity,skip,true,1900-01-01,
std_instant_1114,1114,goodwill,instant,"[{""alias_code"":""Goodwill"",""alias_scheme"":""us-gaap"",""priority"":10}]",[],coalesce_priority,statement_normalized,identity,skip,true,1900-01-01,
std_instant_1115,1115,other_intangibles,instant,"[{""alias_code"":""IntangibleAssetsNetExcludingGoodwill"",""alias_scheme"":""us-gaap"",""priority"":10}]",[],coalesce_priority,statement_normalized,identity,skip,true,1900-01-01,
std_instant_1116,1116,operating_lease_rou_asset,instant,"[{""alias_code"":""OperatingLeaseRightOfUseAsset"",""alias_scheme"":""us-gaap"",""priority"":10}]",[],coalesce_priority,statement_normalized,identity,skip,true,1900-01-01,
std_instant_1117,1117,long_term_investments,instant,"[{""alias_code"":""LongTermInvestments"",""alias_scheme"":""us-gaap"",""priority"":10},{""alias_code"":""EquityMethodInvestments"",""alias_scheme"":""us-gaap"",""priority"":20}]",[],coalesce_priority,statement_normalized,identity,skip,true,1900-01-01,
std_instant_1118,1118,deferred_tax_assets,instant,"[{""alias_code"":""DeferredIncomeTaxAssetsNet"",""alias_scheme"":""us-gaap"",""priority"":10}]",[],coalesce_priority,statement_normalized,identity,skip,true,1900-01-01,
std_instant_1119,1119,other_lt_assets,instant,"[{""alias_code"":""OtherAssetsNoncurrent"",""alias_scheme"":""us-gaap"",""priority"":10}]",[],coalesce_priority,statement_normalized,identity,skip,true,1900-01-01,
std_instant_1201,1201,total_liabilities,instant,"[{""alias_code"":""Liabilities"",""alias_scheme"":""us-gaap"",""priority"":10}]",[],coalesce_priority,statement_normalized,identity,skip,true,1900-01-01,
std_instant_1202,1202,current_liabilities,instant,"[{""alias_code"":""LiabilitiesCurrent"",""alias_scheme"":""us-gaap"",""priority"":10}]",[],coalesce_priority,statement_normalized,identity,skip,true,1900-01-01,
std_instant_1203,1203,accounts_payable,instant,"[{""alias_code"":""AccountsPayableCurrent"",""alias_scheme"":""us-gaap"",""priority"":10}]",[],coalesce_priority,statement_normalized,identity,skip,true,1900-01-01,
std_instant_1204,1204,accrued_liabilities,instant,"[{""alias_code"":""AccruedLiabilitiesCurrent"",""alias_scheme"":""us-gaap"",""priority"":10}]",[],coalesce_priority,statement_normalized,identity,skip,true,1900-01-01,
std_instant_1205,1205,short_term_debt,instant,[],[],coalesce_priority,statement_normalized,identity,skip,true,1900-01-01,
std_instant_1206,1206,current_portion_of_lt_debt,instant,"[{""alias_code"":""LongTermDebtCurrent"",""alias_scheme"":""us-gaap"",""priority"":10}]",[],coalesce_priority,statement_normalized,identity,skip,true,1900-01-01,
std_instant_1207,1207,long_term_debt,instant,"[{""alias_code"":""LongTermDebtNoncurrent"",""alias_scheme"":""us-gaap"",""priority"":10}]",[],coalesce_priority,statement_normalized,identity,skip,true,1900-01-01,
std_instant_1208,1208,total_debt,instant,[],"[1205,1207]",sum,statement_normalized,identity,skip,true,1900-01-01,
std_instant_1209,1209,operating_lease_liability,instant,[],[],coalesce_priority,statement_normalized,identity,skip,true,1900-01-01,
std_instant_1210,1210,deferred_revenue,instant,"[{""alias_code"":""DeferredRevenue"",""alias_scheme"":""us-gaap"",""priority"":10}]",[],coalesce_priority,statement_normalized,identity,skip,true,1900-01-01,
std_instant_1211,1211,deferred_tax_liabilities,instant,"[{""alias_code"":""DeferredIncomeTaxLiabilitiesNet"",""alias_scheme"":""us-gaap"",""priority"":10}]",[],coalesce_priority,statement_normalized,identity,skip,true,1900-01-01,
std_instant_1212,1212,other_lt_liabilities,instant,"[{""alias_code"":""OtherLiabilitiesNoncurrent"",""alias_scheme"":""us-gaap"",""priority"":10}]",[],coalesce_priority,statement_normalized,identity,skip,true,1900-01-01,
std_instant_1213,1213,minority_interest_bs,instant,"[{""alias_code"":""MinorityInterest"",""alias_scheme"":""us-gaap"",""priority"":10}]",[],coalesce_priority,statement_normalized,identity,skip,true,1900-01-01,
std_instant_1214,1214,preferred_stock,instant,"[{""alias_code"":""PreferredStockValue"",""alias_scheme"":""us-gaap"",""priority"":10}]",[],coalesce_priority,statement_normalized,identity,skip,true,1900-01-01,
std_instant_1215,1215,common_stock_at_par,instant,"[{""alias_code"":""CommonStockValue"",""alias_scheme"":""us-gaap"",""priority"":10}]",[],coalesce_priority,statement_normalized,identity,skip,true,1900-01-01,
std_instant_1216,1216,additional_paid_in_capital,instant,"[{""alias_code"":""AdditionalPaidInCapital"",""alias_scheme"":""us-gaap"",""priority"":10},{""alias_code"":""AdditionalPaidInCapitalCommonStock"",""alias_scheme"":""us-gaap"",""priority"":20}]",[],coalesce_priority,statement_normalized,identity,skip,true,1900-01-01,
std_instant_1217,1217,retained_earnings,instant,"[{""alias_code"":""RetainedEarningsAccumulatedDeficit"",""alias_scheme"":""us-gaap"",""priority"":10}]",[],coalesce_priority,statement_normalized,identity,skip,true,1900-01-01,
std_instant_1218,1218,aoci,instant,"[{""alias_code"":""AccumulatedOtherComprehensiveIncomeLossNetOfTax"",""alias_scheme"":""us-gaap"",""priority"":10}]",[],coalesce_priority,statement_normalized,identity,skip,true,1900-01-01,
std_instant_1219,1219,treasury_stock,instant,"[{""alias_code"":""TreasuryStockValue"",""alias_scheme"":""us-gaap"",""priority"":10}]",[],coalesce_priority,statement_normalized,identity,skip,true,1900-01-01,
std_instant_1220,1220,common_equity,instant,[],[],coalesce_priority,statement_normalized,identity,skip,true,1900-01-01,
std_instant_1221,1221,stockholders_equity,instant,"[{""alias_code"":""StockholdersEquity"",""alias_scheme"":""us-gaap"",""priority"":10}]",[],coalesce_priority,statement_normalized,identity,skip,true,1900-01-01,
std_instant_1222,1222,equity_incl_non_controlling,instant,"[{""alias_code"":""StockholdersEquityIncludingPortionAttributableToNoncontrollingInterest"",""alias_scheme"":""us-gaap"",""priority"":10}]",[],coalesce_priority,statement_normalized,identity,skip,true,1900-01-01,
std_instant_1223,1223,total_liab_equity,instant,"[{""alias_code"":""LiabilitiesAndStockholdersEquity"",""alias_scheme"":""us-gaap"",""priority"":10}]",[],coalesce_priority,statement_normalized,identity,skip,true,1900-01-01,
std_annual_1301,1301,cash_flow_from_operations,annual,"[{""alias_code"":""NetCashProvidedByUsedInOperatingActivities"",""alias_scheme"":""us-gaap"",""priority"":10}]",[],coalesce_priority,statement_normalized,identity,skip,true,1900-01-01,
std_ttm_1301,1301,cash_flow_from_operations,ttm,"[{""alias_code"":""NetCashProvidedByUsedInOperatingActivities"",""alias_scheme"":""us-gaap"",""priority"":10}]",[],coalesce_priority,statement_normalized,identity,skip,true,1900-01-01,
std_annual_1302,1302,cfo_continuing_ops,annual,"[{""alias_code"":""NetCashProvidedByUsedInOperatingActivitiesContinuingOperations"",""alias_scheme"":""us-gaap"",""priority"":10}]",[],coalesce_priority,statement_normalized,identity,skip,true,1900-01-01,
std_ttm_1302,1302,cfo_continuing_ops,ttm,"[{""alias_code"":""NetCashProvidedByUsedInOperatingActivitiesContinuingOperations"",""alias_scheme"":""us-gaap"",""priority"":10}]",[],coalesce_priority,statement_normalized,identity,skip,true,1900-01-01,
std_annual_1303,1303,cash_flow_from_investing,annual,"[{""alias_code"":""NetCashProvidedByUsedInInvestingActivities"",""alias_scheme"":""us-gaap"",""priority"":10}]",[],coalesce_priority,statement_normalized,identity,skip,true,1900-01-01,
std_ttm_1303,1303,cash_flow_from_investing,ttm,"[{""alias_code"":""NetCashProvidedByUsedInInvestingActivities"",""alias_scheme"":""us-gaap"",""priority"":10}]",[],coalesce_priority,statement_normalized,identity,skip,true,1900-01-01,
std_annual_1304,1304,cash_flow_from_financing,annual,"[{""alias_code"":""NetCashProvidedByUsedInFinancingActivities"",""alias_scheme"":""us-gaap"",""priority"":10}]",[],coalesce_priority,statement_normalized,identity,skip,true,1900-01-01,
std_ttm_1304,1304,cash_flow_from_financing,ttm,"[{""alias_code"":""NetCashProvidedByUsedInFinancingActivities"",""alias_scheme"":""us-gaap"",""priority"":10}]",[],coalesce_priority,statement_normalized,identity,skip,true,1900-01-01,
std_annual_1305,1305,capex__1305,annual,"[{""alias_code"":""PaymentsToAcquirePropertyPlantAndEquipment"",""alias_scheme"":""us-gaap"",""priority"":10}]",[],coalesce_priority,statement_normalized,identity,skip,true,1900-01-01,
std_ttm_1305,1305,capex__1305,ttm,"[{""alias_code"":""PaymentsToAcquirePropertyPlantAndEquipment"",""alias_scheme"":""us-gaap"",""priority"":10}]",[],coalesce_priority,statement_normalized,identity,skip,true,1900-01-01,
std_annual_1306,1306,capex_broader_incl_intangibles,annual,"[{""alias_code"":""PaymentsToAcquireProductiveAssets"",""alias_scheme"":""us-gaap"",""priority"":10}]",[],coalesce_priority,statement_normalized,identity,skip,true,1900-01-01,
std_ttm_1306,1306,capex_broader_incl_intangibles,ttm,"[{""alias_code"":""PaymentsToAcquireProductiveAssets"",""alias_scheme"":""us-gaap"",""priority"":10}]",[],coalesce_priority,statement_normalized,identity,skip,true,1900-01-01,
std_annual_1307,1307,d_and_a_cash_flow,annual,"[{""alias_code"":""DepreciationDepletionAndAmortization"",""alias_scheme"":""us-gaap"",""priority"":10}]",[],coalesce_priority,statement_normalized,identity,skip,true,1900-01-01,
std_ttm_1307,1307,d_and_a_cash_flow,ttm,"[{""alias_code"":""DepreciationDepletionAndAmortization"",""alias_scheme"":""us-gaap"",""priority"":10}]",[],coalesce_priority,statement_normalized,identity,skip,true,1900-01-01,
std_annual_1308,1308,stock_based_compensation,annual,"[{""alias_code"":""ShareBasedCompensation"",""alias_scheme"":""us-gaap"",""priority"":10}]",[],coalesce_priority,statement_normalized,identity,skip,true,1900-01-01,
std_ttm_1308,1308,stock_based_compensation,ttm,"[{""alias_code"":""ShareBasedCompensation"",""alias_scheme"":""us-gaap"",""priority"":10}]",[],coalesce_priority,statement_normalized,identity,skip,true,1900-01-01,
std_annual_1309,1309,acquisitions,annual,"[{""alias_code"":""PaymentsToAcquireBusinessesNetOfCashAcquired"",""alias_scheme"":""us-gaap"",""priority"":10}]",[],coalesce_priority,statement_normalized,identity,skip,true,1900-01-01,
std_ttm_1309,1309,acquisitions,ttm,"[{""alias_code"":""PaymentsToAcquireBusinessesNetOfCashAcquired"",""alias_scheme"":""us-gaap"",""priority"":10}]",[],coalesce_priority,statement_normalized,identity,skip,true,1900-01-01,
std_annual_1310,1310,divestitures,annual,"[{""alias_code"":""ProceedsFromDivestitureOfBusinesses"",""alias_scheme"":""us-gaap"",""priority"":10}]",[],coalesce_priority,statement_normalized,identity,skip,true,1900-01-01,
std_ttm_1310,1310,divestitures,ttm,"[{""alias_code"":""ProceedsFromDivestitureOfBusinesses"",""alias_scheme"":""us-gaap"",""priority"":10}]",[],coalesce_priority,statement_normalized,identity,skip,true,1900-01-01,
std_annual_1311,1311,stock_issuance,annual,"[{""alias_code"":""ProceedsFromIssuanceOfCommonStock"",""alias_scheme"":""us-gaap"",""priority"":10}]",[],coalesce_priority,statement_normalized,identity,skip,true,1900-01-01,
std_ttm_1311,1311,stock_issuance,ttm,"[{""alias_code"":""ProceedsFromIssuanceOfCommonStock"",""alias_scheme"":""us-gaap"",""priority"":10}]",[],coalesce_priority,statement_normalized,identity,skip,true,1900-01-01,
std_annual_1312,1312,stock_repurchases_buybacks,annual,"[{""alias_code"":""PaymentsForRepurchaseOfCommonStock"",""alias_scheme"":""us-gaap"",""priority"":10}]",[],coalesce_priority,statement_normalized,identity,skip,true,1900-01-01,
std_ttm_1312,1312,stock_repurchases_buybacks,ttm,"[{""alias_code"":""PaymentsForRepurchaseOfCommonStock"",""alias_scheme"":""us-gaap"",""priority"":10}]",[],coalesce_priority,statement_normalized,identity,skip,true,1900-01-01,
std_annual_1313,1313,lt_debt_issued,annual,"[{""alias_code"":""ProceedsFromIssuanceOfLongTermDebt"",""alias_scheme"":""us-gaap"",""priority"":10}]",[],coalesce_priority,statement_normalized,identity,skip,true,1900-01-01,
std_ttm_1313,1313,lt_debt_issued,ttm,"[{""alias_code"":""ProceedsFromIssuanceOfLongTermDebt"",""alias_scheme"":""us-gaap"",""priority"":10}]",[],coalesce_priority,statement_normalized,identity,skip,true,1900-01-01,
std_annual_1314,1314,lt_debt_repaid,annual,"[{""alias_code"":""RepaymentsOfLongTermDebt"",""alias_scheme"":""us-gaap"",""priority"":10}]",[],coalesce_priority,statement_normalized,identity,skip,true,1900-01-01,
std_ttm_1314,1314,lt_debt_repaid,ttm,"[{""alias_code"":""RepaymentsOfLongTermDebt"",""alias_scheme"":""us-gaap"",""priority"":10}]",[],coalesce_priority,statement_normalized,identity,skip,true,1900-01-01,
std_annual_1315,1315,net_change_in_debt,annual,[],"[1313,1314]",difference,statement_normalized,identity,skip,true,1900-01-01,
std_ttm_1315,1315,net_change_in_debt,ttm,[],"[1313,1314]",difference,statement_normalized,identity,skip,true,1900-01-01,
std_annual_1316,1316,common_dividends_paid,annual,"[{""alias_code"":""PaymentsOfDividendsCommonStock"",""alias_scheme"":""us-gaap"",""priority"":10}]",[],coalesce_priority,statement_normalized,identity,skip,true,1900-01-01,
std_ttm_1316,1316,common_dividends_paid,ttm,"[{""alias_code"":""PaymentsOfDividendsCommonStock"",""alias_scheme"":""us-gaap"",""priority"":10}]",[],coalesce_priority,statement_normalized,identity,skip,true,1900-01-01,
std_annual_1317,1317,preferred_dividends_paid,annual,"[{""alias_code"":""PaymentsOfDividendsPreferredStockAndPreferenceStock"",""alias_scheme"":""us-gaap"",""priority"":10}]",[],coalesce_priority,statement_normalized,identity,skip,true,1900-01-01,
std_ttm_1317,1317,preferred_dividends_paid,ttm,"[{""alias_code"":""PaymentsOfDividendsPreferredStockAndPreferenceStock"",""alias_scheme"":""us-gaap"",""priority"":10}]",[],coalesce_priority,statement_normalized,identity,skip,true,1900-01-01,
std_annual_1318,1318,total_dividends_paid,annual,"[{""alias_code"":""PaymentsOfDividends"",""alias_scheme"":""us-gaap"",""priority"":10}]",[],coalesce_priority,statement_normalized,identity,skip,true,1900-01-01,
std_ttm_1318,1318,total_dividends_paid,ttm,"[{""alias_code"":""PaymentsOfDividends"",""alias_scheme"":""us-gaap"",""priority"":10}]",[],coalesce_priority,statement_normalized,identity,skip,true,1900-01-01,
std_annual_1319,1319,change_in_ar,annual,"[{""alias_code"":""IncreaseDecreaseInAccountsReceivable"",""alias_scheme"":""us-gaap"",""priority"":10}]",[],coalesce_priority,statement_normalized,identity,skip,true,1900-01-01,
std_ttm_1319,1319,change_in_ar,ttm,"[{""alias_code"":""IncreaseDecreaseInAccountsReceivable"",""alias_scheme"":""us-gaap"",""priority"":10}]",[],coalesce_priority,statement_normalized,identity,skip,true,1900-01-01,
std_annual_1320,1320,change_in_inventory,annual,"[{""alias_code"":""IncreaseDecreaseInInventories"",""alias_scheme"":""us-gaap"",""priority"":10}]",[],coalesce_priority,statement_normalized,identity,skip,true,1900-01-01,
std_ttm_1320,1320,change_in_inventory,ttm,"[{""alias_code"":""IncreaseDecreaseInInventories"",""alias_scheme"":""us-gaap"",""priority"":10}]",[],coalesce_priority,statement_normalized,identity,skip,true,1900-01-01,
std_annual_1321,1321,change_in_ap,annual,"[{""alias_code"":""IncreaseDecreaseInAccountsPayable"",""alias_scheme"":""us-gaap"",""priority"":10}]",[],coalesce_priority,statement_normalized,identity,skip,true,1900-01-01,
std_ttm_1321,1321,change_in_ap,ttm,"[{""alias_code"":""IncreaseDecreaseInAccountsPayable"",""alias_scheme"":""us-gaap"",""priority"":10}]",[],coalesce_priority,statement_normalized,identity,skip,true,1900-01-01,
std_annual_1322,1322,change_in_working_capital,annual,[],[],coalesce_priority,statement_normalized,identity,skip,true,1900-01-01,
std_ttm_1322,1322,change_in_working_capital,ttm,[],[],coalesce_priority,statement_normalized,identity,skip,true,1900-01-01,
std_annual_1323,1323,fx_effect_on_cash,annual,"[{""alias_code"":""EffectOfExchangeRateOnCashCashEquivalentsRestrictedCashAndRestrictedCashEquivalents"",""alias_scheme"":""us-gaap"",""priority"":10}]",[],coalesce_priority,statement_normalized,identity,skip,true,1900-01-01,
std_ttm_1323,1323,fx_effect_on_cash,ttm,"[{""alias_code"":""EffectOfExchangeRateOnCashCashEquivalentsRestrictedCashAndRestrictedCashEquivalents"",""alias_scheme"":""us-gaap"",""priority"":10}]",[],coalesce_priority,statement_normalized,identity,skip,true,1900-01-01,
std_annual_1324,1324,net_change_in_cash,annual,"[{""alias_code"":""CashCashEquivalentsRestrictedCashAndRestrictedCashEquivalentsPeriodIncreaseDecreaseIncludingExchangeRateEffect"",""alias_scheme"":""us-gaap"",""priority"":10}]",[],coalesce_priority,statement_normalized,identity,skip,true,1900-01-01,
std_ttm_1324,1324,net_change_in_cash,ttm,"[{""alias_code"":""CashCashEquivalentsRestrictedCashAndRestrictedCashEquivalentsPeriodIncreaseDecreaseIncludingExchangeRateEffect"",""alias_scheme"":""us-gaap"",""priority"":10}]",[],coalesce_priority,statement_normalized,identity,skip,true,1900-01-01,
std_annual_1325,1325,free_cash_flow__1325,annual,[],[],coalesce_priority,statement_normalized,identity,skip,true,1900-01-01,
std_ttm_1325,1325,free_cash_flow__1325,ttm,[],[],coalesce_priority,statement_normalized,identity,skip,true,1900-01-01,
std_annual_1401,1401,book_value_per_share__1401,annual,[],[],coalesce_priority,statement_normalized,identity,skip,true,1900-01-01,
std_ttm_1401,1401,book_value_per_share__1401,ttm,[],[],coalesce_priority,statement_normalized,identity,skip,true,1900-01-01,
std_annual_1402,1402,tangible_book_value_per_share,annual,[],[],coalesce_priority,statement_normalized,identity,skip,true,1900-01-01,
std_ttm_1402,1402,tangible_book_value_per_share,ttm,[],[],coalesce_priority,statement_normalized,identity,skip,true,1900-01-01,
std_annual_1403,1403,fcf_per_share__1403,annual,[],[],coalesce_priority,statement_normalized,identity,skip,true,1900-01-01,
std_ttm_1403,1403,fcf_per_share__1403,ttm,[],[],coalesce_priority,statement_normalized,identity,skip,true,1900-01-01,
std_annual_1404,1404,sales_per_share,annual,[],[],coalesce_priority,statement_normalized,identity,skip,true,1900-01-01,
std_ttm_1404,1404,sales_per_share,ttm,[],[],coalesce_priority,statement_normalized,identity,skip,true,1900-01-01,
std_annual_1405,1405,cash_per_share,annual,[],[],coalesce_priority,statement_normalized,identity,skip,true,1900-01-01,
std_ttm_1405,1405,cash_per_share,ttm,[],[],coalesce_priority,statement_normalized,identity,skip,true,1900-01-01,
std_annual_1406,1406,dividend_yield,annual,[],[],coalesce_priority,statement_normalized,identity,skip,true,1900-01-01,
std_ttm_1406,1406,dividend_yield,ttm,[],[],coalesce_priority,statement_normalized,identity,skip,true,1900-01-01,
std_annual_1407,1407,p_e,annual,[],[],coalesce_priority,statement_normalized,identity,skip,true,1900-01-01,
std_ttm_1407,1407,p_e,ttm,[],[],coalesce_priority,statement_normalized,identity,skip,true,1900-01-01,
std_annual_1408,1408,p_b,annual,[],[],coalesce_priority,statement_normalized,identity,skip,true,1900-01-01,
std_ttm_1408,1408,p_b,ttm,[],[],coalesce_priority,statement_normalized,identity,skip,true,1900-01-01,
std_annual_1409,1409,p_s,annual,[],[],coalesce_priority,statement_normalized,identity,skip,true,1900-01-01,
std_ttm_1409,1409,p_s,ttm,[],[],coalesce_priority,statement_normalized,identity,skip,true,1900-01-01,
std_instant_1410,1410,enterprise_value,instant,[],[],coalesce_priority,statement_normalized,identity,skip,true,1900-01-01,
std_annual_1411,1411,ev_ebitda,annual,[],[],coalesce_priority,statement_normalized,identity,skip,true,1900-01-01,
std_ttm_1411,1411,ev_ebitda,ttm,[],[],coalesce_priority,statement_normalized,identity,skip,true,1900-01-01,
std_annual_1412,1412,ev_sales,annual,[],[],coalesce_priority,statement_normalized,identity,skip,true,1900-01-01,
std_ttm_1412,1412,ev_sales,ttm,[],[],coalesce_priority,statement_normalized,identity,skip,true,1900-01-01,
std_instant_1413,1413,market_cap,instant,[],[],coalesce_priority,statement_normalized,identity,skip,true,1900-01-01,
std_annual_1414,1414,gross_margin__1414,annual,[],[],coalesce_priority,statement_normalized,identity,skip,true,1900-01-01,
std_ttm_1414,1414,gross_margin__1414,ttm,[],[],coalesce_priority,statement_normalized,identity,skip,true,1900-01-01,
std_annual_1415,1415,operating_margin__1415,annual,[],[],coalesce_priority,statement_normalized,identity,skip,true,1900-01-01,
std_ttm_1415,1415,operating_margin__1415,ttm,[],[],coalesce_priority,statement_normalized,identity,skip,true,1900-01-01,
std_annual_1416,1416,ebitda_margin,annual,[],[],coalesce_priority,statement_normalized,identity,skip,true,1900-01-01,
std_ttm_1416,1416,ebitda_margin,ttm,[],[],coalesce_priority,statement_normalized,identity,skip,true,1900-01-01,
std_annual_1417,1417,net_margin,annual,[],[],coalesce_priority,statement_normalized,identity,skip,true,1900-01-01,
std_ttm_1417,1417,net_margin,ttm,[],[],coalesce_priority,statement_normalized,identity,skip,true,1900-01-01,
std_annual_1418,1418,roa,annual,[],[],coalesce_priority,statement_normalized,identity,skip,true,1900-01-01,
std_ttm_1418,1418,roa,ttm,[],[],coalesce_priority,statement_normalized,identity,skip,true,1900-01-01,
std_annual_1419,1419,roe,annual,[],[],coalesce_priority,statement_normalized,identity,skip,true,1900-01-01,
std_ttm_1419,1419,roe,ttm,[],[],coalesce_priority,statement_normalized,identity,skip,true,1900-01-01,
std_annual_1420,1420,roic,annual,[],[],coalesce_priority,statement_normalized,identity,skip,true,1900-01-01,
std_ttm_1420,1420,roic,ttm,[],[],coalesce_priority,statement_normalized,identity,skip,true,1900-01-01,
std_annual_1421,1421,current_ratio,annual,[],[],coalesce_priority,statement_normalized,identity,skip,true,1900-01-01,
std_ttm_1421,1421,current_ratio,ttm,[],[],coalesce_priority,statement_normalized,identity,skip,true,1900-01-01,
std_annual_1422,1422,debt_equity,annual,[],[],coalesce_priority,statement_normalized,identity,skip,true,1900-01-01,
std_ttm_1422,1422,debt_equity,ttm,[],[],coalesce_priority,statement_normalized,identity,skip,true,1900-01-01,
std_annual_1423,1423,interest_coverage,annual,[],[],coalesce_priority,statement_normalized,identity,skip,true,1900-01-01,
std_ttm_1423,1423,interest_coverage,ttm,[],[],coalesce_priority,statement_normalized,identity,skip,true,1900-01-01,
std_annual_1424,1424,dso_days,annual,[],[],coalesce_priority,statement_normalized,identity,skip,true,1900-01-01,
std_ttm_1424,1424,dso_days,ttm,[],[],coalesce_priority,statement_normalized,identity,skip,true,1900-01-01,
std_annual_1425,1425,dio_days,annual,[],[],coalesce_priority,statement_normalized,identity,skip,true,1900-01-01,
std_ttm_1425,1425,dio_days,ttm,[],[],coalesce_priority,statement_normalized,identity,skip,true,1900-01-01,
std_annual_1426,1426,dpo_days,annual,[],[],coalesce_priority,statement_normalized,identity,skip,true,1900-01-01,
std_ttm_1426,1426,dpo_days,ttm,[],[],coalesce_priority,statement_normalized,identity,skip,true,1900-01-01,
std_annual_1427,1427,cash_conversion_cycle,annual,[],[],coalesce_priority,statement_normalized,identity,skip,true,1900-01-01,
std_ttm_1427,1427,cash_conversion_cycle,ttm,[],[],coalesce_priority,statement_normalized,identity,skip,true,1900-01-01,
std_annual_1501,1501,net_interest_income,annual,[],[],coalesce_priority,statement_normalized,identity,skip,true,1900-01-01,
std_ttm_1501,1501,net_interest_income,ttm,[],[],coalesce_priority,statement_normalized,identity,skip,true,1900-01-01,
std_annual_1502,1502,net_interest_margin,annual,[],[],coalesce_priority,statement_normalized,identity,skip,true,1900-01-01,
std_ttm_1502,1502,net_interest_margin,ttm,[],[],coalesce_priority,statement_normalized,identity,skip,true,1900-01-01,
std_annual_1503,1503,interest_income_total,annual,"[{""alias_code"":""InterestAndDividendIncomeOperating"",""alias_scheme"":""us-gaap"",""priority"":10}]",[],coalesce_priority,statement_normalized,identity,skip,true,1900-01-01,
std_ttm_1503,1503,interest_income_total,ttm,"[{""alias_code"":""InterestAndDividendIncomeOperating"",""alias_scheme"":""us-gaap"",""priority"":10}]",[],coalesce_priority,statement_normalized,identity,skip,true,1900-01-01,
std_annual_1504,1504,interest_expense_bank,annual,[],[],coalesce_priority,statement_normalized,identity,skip,true,1900-01-01,
std_ttm_1504,1504,interest_expense_bank,ttm,[],[],coalesce_priority,statement_normalized,identity,skip,true,1900-01-01,
std_annual_1505,1505,provision_for_loan_losses,annual,"[{""alias_code"":""ProvisionForLoanAndLeaseLosses"",""alias_scheme"":""us-gaap"",""priority"":10}]",[],coalesce_priority,statement_normalized,identity,skip,true,1900-01-01,
std_ttm_1505,1505,provision_for_loan_losses,ttm,"[{""alias_code"":""ProvisionForLoanAndLeaseLosses"",""alias_scheme"":""us-gaap"",""priority"":10}]",[],coalesce_priority,statement_normalized,identity,skip,true,1900-01-01,
std_annual_1506,1506,allowance_for_loan_and_lease_losses,annual,[],[],coalesce_priority,statement_normalized,identity,skip,true,1900-01-01,
std_ttm_1506,1506,allowance_for_loan_and_lease_losses,ttm,[],[],coalesce_priority,statement_normalized,identity,skip,true,1900-01-01,
std_annual_1507,1507,non_performing_loans,annual,[],[],coalesce_priority,statement_normalized,identity,skip,true,1900-01-01,
std_ttm_1507,1507,non_performing_loans,ttm,[],[],coalesce_priority,statement_normalized,identity,skip,true,1900-01-01,
std_annual_1508,1508,net_charge_offs,annual,[],[],coalesce_priority,statement_normalized,identity,skip,true,1900-01-01,
std_ttm_1508,1508,net_charge_offs,ttm,[],[],coalesce_priority,statement_normalized,identity,skip,true,1900-01-01,
std_annual_1509,1509,total_loans,annual,"[{""alias_code"":""LoansAndLeasesReceivableNetReportedAmount"",""alias_scheme"":""us-gaap"",""priority"":10}]",[],coalesce_priority,statement_normalized,identity,skip,true,1900-01-01,
std_ttm_1509,1509,total_loans,ttm,"[{""alias_code"":""LoansAndLeasesReceivableNetReportedAmount"",""alias_scheme"":""us-gaap"",""priority"":10}]",[],coalesce_priority,statement_normalized,identity,skip,true,1900-01-01,
std_annual_1510,1510,total_deposits,annual,[],[],coalesce_priority,statement_normalized,identity,skip,true,1900-01-01,
std_ttm_1510,1510,total_deposits,ttm,[],[],coalesce_priority,statement_normalized,identity,skip,true,1900-01-01,
std_annual_1511,1511,tier_1_capital,annual,[],[],coalesce_priority,statement_normalized,identity,skip,true,1900-01-01,
std_ttm_1511,1511,tier_1_capital,ttm,[],[],coalesce_priority,statement_normalized,identity,skip,true,1900-01-01,
std_instant_1512,1512,tier_1_capital_ratio,instant,[],[],coalesce_priority,statement_normalized,identity,skip,true,1900-01-01,
std_annual_1513,1513,cet1_common_equity_tier_1,annual,[],[],coalesce_priority,statement_normalized,identity,skip,true,1900-01-01,
std_ttm_1513,1513,cet1_common_equity_tier_1,ttm,[],[],coalesce_priority,statement_normalized,identity,skip,true,1900-01-01,
std_annual_1514,1514,risk_weighted_assets,annual,[],[],coalesce_priority,statement_normalized,identity,skip,true,1900-01-01,
std_ttm_1514,1514,risk_weighted_assets,ttm,[],[],coalesce_priority,statement_normalized,identity,skip,true,1900-01-01,
std_annual_1515,1515,efficiency_ratio,annual,[],[],coalesce_priority,statement_normalized,identity,skip,true,1900-01-01,
std_ttm_1515,1515,efficiency_ratio,ttm,[],[],coalesce_priority,statement_normalized,identity,skip,true,1900-01-01,
std_annual_1601,1601,premiums_earned,annual,"[{""alias_code"":""PremiumsEarnedNet"",""alias_scheme"":""us-gaap"",""priority"":10}]",[],coalesce_priority,statement_normalized,identity,skip,true,1900-01-01,
std_ttm_1601,1601,premiums_earned,ttm,"[{""alias_code"":""PremiumsEarnedNet"",""alias_scheme"":""us-gaap"",""priority"":10}]",[],coalesce_priority,statement_normalized,identity,skip,true,1900-01-01,
std_annual_1602,1602,premiums_written,annual,[],[],coalesce_priority,statement_normalized,identity,skip,true,1900-01-01,
std_ttm_1602,1602,premiums_written,ttm,[],[],coalesce_priority,statement_normalized,identity,skip,true,1900-01-01,
std_annual_1603,1603,loss_reserves,annual,[],[],coalesce_priority,statement_normalized,identity,skip,true,1900-01-01,
std_ttm_1603,1603,loss_reserves,ttm,[],[],coalesce_priority,statement_normalized,identity,skip,true,1900-01-01,
std_annual_1604,1604,insurance_benefits_paid,annual,[],[],coalesce_priority,statement_normalized,identity,skip,true,1900-01-01,
std_ttm_1604,1604,insurance_benefits_paid,ttm,[],[],coalesce_priority,statement_normalized,identity,skip,true,1900-01-01,
std_annual_1605,1605,unpaid_claim_liability,annual,[],[],coalesce_priority,statement_normalized,identity,skip,true,1900-01-01,
std_ttm_1605,1605,unpaid_claim_liability,ttm,[],[],coalesce_priority,statement_normalized,identity,skip,true,1900-01-01,
std_annual_1606,1606,loss_ratio,annual,[],[],coalesce_priority,statement_normalized,identity,skip,true,1900-01-01,
std_ttm_1606,1606,loss_ratio,ttm,[],[],coalesce_priority,statement_normalized,identity,skip,true,1900-01-01,
std_annual_1607,1607,expense_ratio,annual,[],[],coalesce_priority,statement_normalized,identity,skip,true,1900-01-01,
std_ttm_1607,1607,expense_ratio,ttm,[],[],coalesce_priority,statement_normalized,identity,skip,true,1900-01-01,
std_annual_1608,1608,combined_ratio,annual,[],[],coalesce_priority,statement_normalized,identity,skip,true,1900-01-01,
std_ttm_1608,1608,combined_ratio,ttm,[],[],coalesce_priority,statement_normalized,identity,skip,true,1900-01-01,
std_annual_1609,1609,investment_portfolio,annual,[],[],coalesce_priority,statement_normalized,identity,skip,true,1900-01-01,
std_ttm_1609,1609,investment_portfolio,ttm,[],[],coalesce_priority,statement_normalized,identity,skip,true,1900-01-01,
std_annual_1610,1610,insurance_float,annual,[],[],coalesce_priority,statement_normalized,identity,skip,true,1900-01-01,
std_ttm_1610,1610,insurance_float,ttm,[],[],coalesce_priority,statement_normalized,identity,skip,true,1900-01-01,
std_annual_1701,1701,funds_from_operations_ffo,annual,"[{""alias_code"":""FundsFromOperations"",""alias_scheme"":""nareit"",""priority"":10}]",[],coalesce_priority,statement_normalized,identity,skip,true,1900-01-01,
std_ttm_1701,1701,funds_from_operations_ffo,ttm,"[{""alias_code"":""FundsFromOperations"",""alias_scheme"":""nareit"",""priority"":10}]",[],coalesce_priority,statement_normalized,identity,skip,true,1900-01-01,
std_annual_1702,1702,ffo_per_share,annual,[],[],coalesce_priority,statement_normalized,identity,skip,true,1900-01-01,
std_ttm_1702,1702,ffo_per_share,ttm,[],[],coalesce_priority,statement_normalized,identity,skip,true,1900-01-01,
std_annual_1703,1703,adjusted_ffo_affo,annual,[],[],coalesce_priority,statement_normalized,identity,skip,true,1900-01-01,
std_ttm_1703,1703,adjusted_ffo_affo,ttm,[],[],coalesce_priority,statement_normalized,identity,skip,true,1900-01-01,
std_annual_1704,1704,affo_per_share,annual,[],[],coalesce_priority,statement_normalized,identity,skip,true,1900-01-01,
std_ttm_1704,1704,affo_per_share,ttm,[],[],coalesce_priority,statement_normalized,identity,skip,true,1900-01-01,
std_annual_1705,1705,net_operating_income_noi,annual,[],[],coalesce_priority,statement_normalized,identity,skip,true,1900-01-01,
std_ttm_1705,1705,net_operating_income_noi,ttm,[],[],coalesce_priority,statement_normalized,identity,skip,true,1900-01-01,
std_annual_1706,1706,same_store_noi,annual,[],[],coalesce_priority,statement_normalized,identity,skip,true,1900-01-01,
std_ttm_1706,1706,same_store_noi,ttm,[],[],coalesce_priority,statement_normalized,identity,skip,true,1900-01-01,
std_instant_1707,1707,occupancy_rate,instant,[],[],coalesce_priority,statement_normalized,identity,skip,true,1900-01-01,
std_annual_1708,1708,rent_per_square_foot,annual,[],[],coalesce_priority,statement_normalized,identity,skip,true,1900-01-01,
std_ttm_1708,1708,rent_per_square_foot,ttm,[],[],coalesce_priority,statement_normalized,identity,skip,true,1900-01-01,
std_instant_1709,1709,gross_leasable_area,instant,[],[],coalesce_priority,statement_normalized,identity,skip,true,1900-01-01,
std_annual_1710,1710,net_asset_value_per_share,annual,[],[],coalesce_priority,statement_normalized,identity,skip,true,1900-01-01,
std_ttm_1710,1710,net_asset_value_per_share,ttm,[],[],coalesce_priority,statement_normalized,identity,skip,true,1900-01-01,
std_annual_1711,1711,capitalisation_rate,annual,[],[],coalesce_priority,statement_normalized,identity,skip,true,1900-01-01,
std_ttm_1711,1711,capitalisation_rate,ttm,[],[],coalesce_priority,statement_normalized,identity,skip,true,1900-01-01,
std_annual_1712,1712,ffo_payout_ratio,annual,[],[],coalesce_priority,statement_normalized,identity,skip,true,1900-01-01,
std_ttm_1712,1712,ffo_payout_ratio,ttm,[],[],coalesce_priority,statement_normalized,identity,skip,true,1900-01-01,
