source,taxonomy,concept,statement_type,statement_section,canonical_metric,canonical_label,period_type,normal_balance,unit_type,value_multiplier,concept_priority,is_core_metric,is_active,notes,item_id,industry_template,is_derived,derivation_expr
SEC companyfacts,dei,EntityCommonStockSharesOutstanding,share_count,shares,shares_outstanding,Common shares outstanding,instant,credit,shares,1.0,10,true,true,DEI current common shares outstanding concept.,1039,ALL,false,
SEC companyfacts,dei,EntityPublicFloat,share_count,shares,float,Public float shares,instant,credit,shares,1.0,10,false,true,Public-float disclosure when the source fact is share-denominated; monetary public-float facts are excluded by the share-history loader.,1045,ALL,false,
SEC companyfacts,extension,__EXTENSION__affo,reit_statement,cash_flow,affo,Adjusted FFO (AFFO),duration,credit,monetary,1.0,10,false,false,Company-specific extension/vendor item; no verified common us-gaap concept in §2.7.,1703,RT,false,
SEC companyfacts,extension,__EXTENSION__gross_leasable_area,reit_statement,operating_kpi,gross_leasable_area,Gross leasable area,instant,debit,quantity,1.0,10,false,false,REIT extension/vendor KPI; no verified common us-gaap concept in §2.7.,1709,RT,false,
SEC companyfacts,extension,__EXTENSION__noi,reit_statement,property,noi,Net operating income (NOI),duration,credit,monetary,1.0,10,false,false,REIT extension/vendor item; no verified common us-gaap concept in §2.7.,1705,RT,false,
SEC companyfacts,extension,__EXTENSION__occupancy_rate,reit_statement,operating_kpi,occupancy_rate,Occupancy rate (%),instant,credit,ratio,1.0,10,false,false,REIT extension/vendor KPI; no verified common us-gaap concept in §2.7.,1707,RT,false,
SEC companyfacts,extension,__EXTENSION__rent_per_square_foot,reit_statement,operating_kpi,rent_per_square_foot,Rent per square foot,duration,credit,ratio,1.0,10,false,false,REIT extension/vendor KPI; no verified common us-gaap concept in §2.7.,1708,RT,false,
SEC companyfacts,extension,__EXTENSION__same_store_noi,reit_statement,property,same_store_noi,Same-store NOI,duration,credit,monetary,1.0,10,false,false,REIT extension/vendor item; no verified common us-gaap concept in §2.7.,1706,RT,false,
SEC companyfacts,nareit,FundsFromOperations,reit_statement,cash_flow,ffo,Funds from operations (FFO),duration,credit,monetary,1.0,10,true,true,Nareit-defined FFO; often custom extension rather than core us-gaap.,1701,RT,false,
SEC companyfacts,us-gaap,AccountsAndNotesReceivableNet,balance_sheet,assets,ar,Accounts receivable,instant,debit,monetary,1.0,30,true,true,Combined accounts and notes receivable,1106,ALL,false,
SEC companyfacts,us-gaap,AccountsPayableAndAccruedLiabilitiesCurrent,balance_sheet,liabilities,ap,Accounts payable,instant,credit,monetary,1.0,20,true,true,Payables combined with accrued liabilities,1203,ALL,false,
SEC companyfacts,us-gaap,AccountsPayableCurrent,balance_sheet,liabilities,ap,Accounts payable,instant,credit,monetary,1.0,10,true,true,Accounts payable current.,1203,ALL,false,
SEC companyfacts,us-gaap,AccountsPayableTradeCurrent,balance_sheet,liabilities,ap,Accounts payable,instant,credit,monetary,1.0,30,true,true,Trade payables only,1203,ALL,false,
SEC companyfacts,us-gaap,AccountsReceivableGrossCurrent,balance_sheet,assets,ar,Accounts receivable,instant,debit,monetary,1.0,40,true,true,Gross current receivables fallback,1106,ALL,false,
SEC companyfacts,us-gaap,AccountsReceivableNetCurrent,balance_sheet,assets,ar,Accounts receivable,instant,debit,monetary,1.0,10,true,true,Net accounts receivable.,1106,ALL,false,
SEC companyfacts,us-gaap,AccruedIncomeTaxes,balance_sheet,liabilities,taxes_payable,Taxes payable,instant,credit,monetary,1.0,30,true,true,Total accrued income taxes,1225,ALL,false,
SEC companyfacts,us-gaap,AccruedIncomeTaxesCurrent,balance_sheet,liabilities,taxes_payable,Taxes payable,instant,credit,monetary,1.0,20,true,true,Accrued current income taxes,1225,ALL,false,
SEC companyfacts,us-gaap,AccruedLiabilitiesCurrent,balance_sheet,liabilities,accrued_liabilities,Accrued liabilities,instant,credit,monetary,1.0,10,false,true,Accrued liabilities current.,1204,ALL,false,
SEC companyfacts,us-gaap,AccumulatedDepreciationDepletionAndAmortizationPropertyPlantAndEquipment,balance_sheet,assets,accumulated_depreciation,Accumulated depreciation,instant,credit,monetary,1.0,10,false,true,Accumulated depreciation on PP&E.,1112,ALL,false,
SEC companyfacts,us-gaap,AccumulatedOtherComprehensiveIncomeLossNetOfTax,balance_sheet,equity,aoci,AOCI,instant,credit,monetary,1.0,10,false,true,Accumulated other comprehensive income (loss).,1218,ALL,false,
SEC companyfacts,us-gaap,AdditionalPaidInCapital,balance_sheet,equity,apic,Additional paid-in capital,instant,credit,monetary,1.0,10,false,true,Additional paid-in capital.,1216,ALL,false,
SEC companyfacts,us-gaap,AdditionalPaidInCapitalCommonStock,balance_sheet,equity,apic,Additional paid-in capital,instant,credit,monetary,1.0,20,false,true,Additional paid-in capital (common stock specific); fallback.,1216,ALL,false,
SEC companyfacts,us-gaap,AdvertisingExpense,income_statement,costs,advertising_expense,Advertising expense,duration,debit,monetary,1.0,10,false,true,Advertising expense; active so the S3 canonical item map has no unexplained inactive us-gaap alias.,1009,ALL,false,
SEC companyfacts,us-gaap,AllocatedShareBasedCompensationExpense,cash_flow,operating,stock_based_comp,Stock-based compensation,duration,debit,monetary,1.0,20,true,true,Allocated share-based compensation expense,1308,ALL,false,
SEC companyfacts,us-gaap,AmortizationOfIntangibleAssets,income_statement,costs,amortization_intangibles,Amortization of intangibles,duration,debit,monetary,1.0,10,false,true,Amortization of intangible assets.,1013,ALL,false,
SEC companyfacts,us-gaap,AssetImpairmentCharges,income_statement,special_items,special_items,Special items,duration,debit,monetary,1.0,20,false,true,Asset impairment charges as special items fallback.,1022,ALL,false,
SEC companyfacts,us-gaap,Assets,balance_sheet,assets,total_assets,Total assets,instant,debit,monetary,1.0,10,true,true,Canonical balance sheet total assets.,1101,ALL,false,
SEC companyfacts,us-gaap,AssetsCurrent,balance_sheet,assets,current_assets,Current assets,instant,debit,monetary,1.0,10,true,true,Total current assets.,1102,ALL,false,
SEC companyfacts,us-gaap,AvailableForSaleSecuritiesCurrent,balance_sheet,assets,st_investments,Short-term investments,instant,debit,monetary,1.0,30,true,true,Current available-for-sale securities,1105,ALL,false,
SEC companyfacts,us-gaap,AvailableForSaleSecuritiesNoncurrent,balance_sheet,assets,lt_investments,Long-term investments,instant,debit,monetary,1.0,30,true,true,Noncurrent available-for-sale securities,1117,ALL,false,
SEC companyfacts,us-gaap,CapitalizedComputerSoftwareGross,balance_sheet,assets,capitalized_software,Capitalized software,instant,debit,monetary,1.0,20,true,true,Capitalized software before amortization,1120,ALL,false,
SEC companyfacts,us-gaap,CapitalizedComputerSoftwareNet,balance_sheet,assets,capitalized_software,Capitalized software,instant,debit,monetary,1.0,10,true,true,Capitalized software net of amortization,1120,ALL,false,
SEC companyfacts,us-gaap,Cash,balance_sheet,assets,cash,Cash,instant,debit,monetary,1.0,10,false,true,Cash only (narrow).,1104,ALL,false,
SEC companyfacts,us-gaap,CashAndCashEquivalentsAtCarryingValue,balance_sheet,assets,cash,Cash,instant,debit,monetary,1.0,20,true,true,Cash and cash equivalents.,1104,ALL,false,
SEC companyfacts,us-gaap,CashAndCashEquivalentsPeriodIncreaseDecrease,cash_flow,other,net_change_cash,Net change in cash,duration,debit,monetary,1.0,20,true,true,Pre-ASU-2016-18 change in cash,1324,ALL,false,
SEC companyfacts,us-gaap,CashAndDueFromBanks,balance_sheet,assets,cash,Cash,instant,debit,monetary,1.0,30,true,true,Bank presentation of cash on hand and due from banks,1104,ALL,false,
SEC companyfacts,us-gaap,CashCashEquivalentsAndShortTermInvestments,balance_sheet,assets,cash_and_st_investments,Cash and short-term investments,instant,debit,monetary,1.0,10,true,true,Combined cash and short-term investments total,1103,ALL,false,
SEC companyfacts,us-gaap,CashCashEquivalentsRestrictedCashAndRestrictedCashEquivalents,balance_sheet,assets,cash_st_inv,Cash and ST investments,instant,debit,monetary,1.0,20,true,true,Post-ASU-2016-18 cash total including restricted cash,1103,ALL,false,
SEC companyfacts,us-gaap,CashCashEquivalentsRestrictedCashAndRestrictedCashEquivalentsPeriodIncreaseDecreaseExcludingExchangeRateEffect,cash_flow,other,net_change_cash,Net change in cash,duration,debit,monetary,1.0,30,true,true,Change in cash excluding the FX effect,1324,ALL,false,
SEC companyfacts,us-gaap,CashCashEquivalentsRestrictedCashAndRestrictedCashEquivalentsPeriodIncreaseDecreaseIncludingExchangeRateEffect,cash_flow,other,net_change_cash,Net change in cash,duration,debit,monetary,1.0,10,false,true,Net increase/decrease in cash and restricted cash.,1324,ALL,false,
SEC companyfacts,us-gaap,ClassACommonStockSharesOutstanding,share_count,shares,class_a,Class A common shares outstanding,instant,credit,shares,1.0,10,false,true,Class A common shares outstanding.,1047,ALL,false,
SEC companyfacts,us-gaap,ClassBCommonStockSharesOutstanding,share_count,shares,class_b,Class B common shares outstanding,instant,credit,shares,1.0,10,false,true,Class B common shares outstanding.,1048,ALL,false,
SEC companyfacts,us-gaap,ClassCCommonStockSharesOutstanding,share_count,shares,class_c,Class C common shares outstanding,instant,credit,shares,1.0,10,false,true,Class C common shares outstanding.,1049,ALL,false,
SEC companyfacts,us-gaap,ClassDCommonStockSharesOutstanding,share_count,shares,class_d,Class D common shares outstanding,instant,credit,shares,1.0,10,false,true,Class D common shares outstanding.,1050,ALL,false,
SEC companyfacts,us-gaap,CommercialPaper,balance_sheet,liabilities,st_debt,Short-term debt,instant,credit,monetary,1.0,30,false,true,Commercial paper; lowest priority ST debt component.,1205,ALL,false,
SEC companyfacts,us-gaap,CommonStockSharesIssued,share_count,shares,shares_outstanding,Common shares outstanding,instant,credit,shares,1.0,30,true,true,Shares issued fallback for the period-end share count,1039,ALL,false,
SEC companyfacts,us-gaap,CommonStockSharesOutstanding,share_count,shares,shares_outstanding,Common shares outstanding,instant,credit,shares,1.0,20,false,true,US-GAAP common stock shares outstanding; fallback to DEI.,1039,ALL,false,
SEC companyfacts,us-gaap,CommonStockValue,balance_sheet,equity,common_stock_par,Common stock (par),instant,credit,monetary,1.0,10,false,true,Common stock at par value.,1215,ALL,false,
SEC companyfacts,us-gaap,CommonStocksIncludingAdditionalPaidInCapital,balance_sheet,equity,common_stock_and_apic,Common stock and additional paid-in capital,instant,credit,monetary,1.0,20,true,true,Common stock combined with APIC,1215,ALL,false,
SEC companyfacts,us-gaap,ContractWithCustomerLiability,balance_sheet,liabilities,deferred_revenue,Deferred revenue,instant,credit,monetary,1.0,40,true,true,ASC-606 total contract liability,1210,ALL,false,
SEC companyfacts,us-gaap,ContractWithCustomerLiabilityCurrent,balance_sheet,liabilities,deferred_revenue,Deferred revenue,instant,credit,monetary,1.0,30,true,true,ASC-606 current contract liability,1210,ALL,false,
SEC companyfacts,us-gaap,CostOfGoodsAndServiceExcludingDepreciationDepletionAndAmortization,income_statement,costs,cogs,Cost of revenue,duration,debit,monetary,1.0,50,true,true,Cost of revenue excluding D and A,1003,ALL,false,
SEC companyfacts,us-gaap,CostOfGoodsAndServicesSold,income_statement,costs,cogs,Cost of revenue,duration,debit,monetary,1.0,10,true,true,Post-2018 default COGS concept (ASC-606).,1003,ALL,false,
SEC companyfacts,us-gaap,CostOfGoodsAndServicesSoldDepreciationAndAmortization,income_statement,costs,da_is,D&A (income statement),duration,debit,monetary,1.0,30,true,true,D and A embedded in cost of sales,1011,ALL,false,
SEC companyfacts,us-gaap,CostOfGoodsSold,income_statement,costs,cogs,Cost of revenue,duration,debit,monetary,1.0,30,false,true,Legacy COGS concept; lowest priority.,1003,ALL,false,
SEC companyfacts,us-gaap,CostOfGoodsSoldExcludingDepreciationDepletionAndAmortization,income_statement,costs,cogs,Cost of revenue,duration,debit,monetary,1.0,60,true,true,Legacy cost of goods sold excluding D and A,1003,ALL,false,
SEC companyfacts,us-gaap,CostOfRevenue,income_statement,costs,cogs,Cost of revenue,duration,debit,monetary,1.0,20,false,true,Alternative COGS concept.,1003,ALL,false,
SEC companyfacts,us-gaap,CostOfServices,income_statement,costs,cogs,Cost of revenue,duration,debit,monetary,1.0,40,true,true,Service-only cost of revenue,1003,ALL,false,
SEC companyfacts,us-gaap,CostsAndExpenses,income_statement,costs,operating_expenses,Operating expenses,duration,debit,monetary,1.0,20,true,true,Total costs and expenses,1010,ALL,false,
SEC companyfacts,us-gaap,CurrentIncomeTaxExpenseBenefit,income_statement,taxes,current_tax,Current income tax,duration,debit,monetary,1.0,10,false,true,Current income tax expense.,1025,ALL,false,
SEC companyfacts,us-gaap,DebtCurrent,balance_sheet,liabilities,st_debt,Short-term debt,instant,credit,monetary,1.0,40,true,true,Total current debt,1205,ALL,false,
SEC companyfacts,us-gaap,DeferredIncomeTaxAssetsNet,balance_sheet,assets,deferred_tax_assets,Deferred tax assets,instant,debit,monetary,1.0,10,false,true,Net deferred income tax assets.,1118,ALL,false,
SEC companyfacts,us-gaap,DeferredIncomeTaxExpenseBenefit,income_statement,taxes,deferred_tax_expense,Deferred income tax,duration,debit,monetary,1.0,10,false,true,Deferred income tax expense.,1026,ALL,false,
SEC companyfacts,us-gaap,DeferredIncomeTaxLiabilitiesNet,balance_sheet,liabilities,deferred_tax_liabilities,Deferred tax liabilities,instant,credit,monetary,1.0,10,false,true,Net deferred income tax liabilities.,1211,ALL,false,
SEC companyfacts,us-gaap,DeferredIncomeTaxesAndTaxCredits,cash_flow,operating,deferred_tax_cash_flow,Deferred income taxes (cash flow),duration,debit,monetary,1.0,10,true,true,Deferred taxes as a cash-flow reconciling item,1327,ALL,false,
SEC companyfacts,us-gaap,DeferredOtherTaxExpenseBenefit,income_statement,taxes,deferred_tax_expense,Deferred income tax,duration,debit,monetary,1.0,20,true,true,Other deferred tax expense on the income statement,1026,ALL,false,
SEC companyfacts,us-gaap,DeferredRevenue,balance_sheet,liabilities,deferred_revenue,Deferred revenue,instant,credit,monetary,1.0,10,false,true,Deferred revenue.,1210,ALL,false,
SEC companyfacts,us-gaap,DeferredRevenueCurrent,balance_sheet,liabilities,deferred_revenue,Deferred revenue,instant,credit,monetary,1.0,20,true,true,Current deferred revenue,1210,ALL,false,
SEC companyfacts,us-gaap,DeferredTaxAssetsNetNoncurrent,balance_sheet,assets,deferred_tax_assets,Deferred tax assets,instant,debit,monetary,1.0,20,true,true,Noncurrent net deferred tax assets,1118,ALL,false,
SEC companyfacts,us-gaap,DeferredTaxLiabilitiesNoncurrent,balance_sheet,liabilities,deferred_tax_liabilities,Deferred tax liabilities,instant,credit,monetary,1.0,20,true,true,Noncurrent deferred tax liabilities,1211,ALL,false,
SEC companyfacts,us-gaap,Depreciation,income_statement,costs,depreciation,Depreciation,duration,debit,monetary,1.0,10,false,true,Depreciation only.,1012,ALL,false,
SEC companyfacts,us-gaap,DepreciationAmortizationAndAccretionNet,cash_flow,operating,da_cf,D&A (cash flow),duration,debit,monetary,1.0,20,true,true,D and A plus accretion,1307,ALL,false,
SEC companyfacts,us-gaap,DepreciationAndAmortization,income_statement,costs,da_is,D&A (income statement),duration,debit,monetary,1.0,10,true,true,D&A when on income statement.,1011,ALL,false,
SEC companyfacts,us-gaap,DepreciationDepletionAndAmortization,cash_flow,operating,da_cf,D&A (cash flow),duration,debit,monetary,1.0,10,true,true,D&A add-back on cash flow statement.,1307,ALL,false,
SEC companyfacts,us-gaap,DepreciationDepletionAndAmortization,utility_statement,costs,utility_depreciation_amortization,Utility depreciation and amortization,duration,debit,monetary,1.0,10,false,true,Utility-template depreciation and amortization.,1805,UT,false,
SEC companyfacts,us-gaap,DepreciationDepletionAndAmortizationNonproduction,income_statement,costs,da_is,D&A (income statement),duration,debit,monetary,1.0,20,true,true,Non-production D and A on the income statement,1011,ALL,false,
SEC companyfacts,us-gaap,DepreciationNonproduction,income_statement,costs,depreciation,Depreciation,duration,debit,monetary,1.0,20,true,true,Non-production depreciation only,1012,ALL,false,
SEC companyfacts,us-gaap,DiscontinuedOperationIncomeLossFromDiscontinuedOperationNetOfTax,income_statement,special_items,discontinued_ops_ni,Discontinued ops net income,duration,credit,monetary,1.0,30,true,true,Per-disposal discontinued operations result,1030,ALL,false,
SEC companyfacts,us-gaap,EarningsPerShareBasic,per_share,earnings,eps_basic,Basic EPS,duration,credit,per_share,1.0,10,true,true,Basic earnings per share.,1034,ALL,false,
SEC companyfacts,us-gaap,EarningsPerShareBasicAndDiluted,per_share,earnings,eps_basic,Basic EPS,duration,credit,per_share,1.0,20,true,true,Single combined EPS line,1034,ALL,false,
SEC companyfacts,us-gaap,EarningsPerShareDiluted,per_share,earnings,eps_diluted,Diluted earnings per share,duration,credit,per_share,1.0,10,true,true,Canonical diluted EPS.,1035,ALL,false,
SEC companyfacts,us-gaap,EffectOfExchangeRateOnCashAndCashEquivalents,cash_flow,other,fx_effect_cash,FX effect on cash,duration,debit,monetary,1.0,20,true,true,Pre-ASU-2016-18 FX effect on cash,1323,ALL,false,
SEC companyfacts,us-gaap,EffectOfExchangeRateOnCashCashEquivalentsRestrictedCashAndRestrictedCashEquivalents,cash_flow,other,fx_effect_cash,FX effect on cash,duration,debit,monetary,1.0,10,false,true,FX effect on cash and restricted cash.,1323,ALL,false,
SEC companyfacts,us-gaap,EmployeeRelatedLiabilitiesCurrent,balance_sheet,liabilities,accrued_liabilities,Accrued liabilities,instant,credit,monetary,1.0,20,true,true,Accrued compensation and benefits,1204,ALL,false,
SEC companyfacts,us-gaap,EquityMethodInvestments,balance_sheet,assets,lt_investments,Long-term investments,instant,debit,monetary,1.0,20,false,true,Equity method investments; fallback for LT investments.,1117,ALL,false,
SEC companyfacts,us-gaap,ExtraordinaryItemGross,income_statement,income,extraordinary_items,Extraordinary items,duration,credit,monetary,1.0,20,true,true,Extraordinary items before tax,1051,ALL,false,
SEC companyfacts,us-gaap,ExtraordinaryItemNetOfTax,income_statement,income,extraordinary_items,Extraordinary items,duration,credit,monetary,1.0,10,true,true,Extraordinary items net of tax,1051,ALL,false,
SEC companyfacts,us-gaap,FinanceLeaseLiability,balance_sheet,liabilities,finance_lease_liabilities,Finance lease liabilities,instant,credit,monetary,1.0,20,true,true,Total finance lease liability,1227,ALL,false,
SEC companyfacts,us-gaap,FinanceLeaseLiabilityCurrent,balance_sheet,liabilities,finance_lease_liabilities,Finance lease liabilities,instant,credit,monetary,1.0,30,true,true,Current finance lease liability,1227,ALL,false,
SEC companyfacts,us-gaap,FinanceLeaseLiabilityNoncurrent,balance_sheet,liabilities,finance_lease_liabilities,Finance lease liabilities,instant,credit,monetary,1.0,10,true,true,Noncurrent finance lease liability,1227,ALL,false,
SEC companyfacts,us-gaap,FinancingReceivableAllowanceForCreditLosses,bank_statement,credit,allowance_loan_lease_losses,Allowance for loan & lease losses,instant,credit,monetary,1.0,10,true,true,US-GAAP allowance for credit losses on financing receivables; maps the bank loan/lease allowance reserve.,1506,BK,false,
SEC companyfacts,us-gaap,FiniteLivedIntangibleAssetsAmortizationExpense,income_statement,costs,amortization_intangibles,Amortization of intangibles,duration,debit,monetary,1.0,20,true,true,Finite-lived intangible amortization,1013,ALL,false,
SEC companyfacts,us-gaap,FiniteLivedIntangibleAssetsNet,balance_sheet,assets,intangibles_other,Intangibles (excl. goodwill),instant,debit,monetary,1.0,20,true,true,Finite-lived intangibles net,1115,ALL,false,
SEC companyfacts,us-gaap,GainLossOnSaleOfBusiness,income_statement,special_items,special_items,Special items,duration,debit,monetary,1.0,50,true,true,Gain or loss on business disposal,1022,ALL,false,
SEC companyfacts,us-gaap,GeneralAndAdministrativeExpense,income_statement,costs,ga_expense,G&A expense,duration,debit,monetary,1.0,10,false,true,General and administrative expense only.,1007,ALL,false,
SEC companyfacts,us-gaap,Goodwill,balance_sheet,assets,goodwill,Goodwill,instant,debit,monetary,1.0,10,true,true,Goodwill.,1114,ALL,false,
SEC companyfacts,us-gaap,GoodwillAndIntangibleAssetImpairmentCharge,income_statement,special_items,special_items,Special items,duration,debit,monetary,1.0,30,true,true,Goodwill and intangible impairment,1022,ALL,false,
SEC companyfacts,us-gaap,GoodwillGross,balance_sheet,assets,goodwill,Goodwill,instant,debit,monetary,1.0,20,true,true,Goodwill before impairment,1114,ALL,false,
SEC companyfacts,us-gaap,GrossProfit,income_statement,profitability,gross_profit,Gross profit,duration,credit,monetary,1.0,10,true,true,Direct us-gaap gross profit tag.,1004,ALL,false,
SEC companyfacts,us-gaap,IncomeLossFromContinuingOperations,income_statement,profitability,ni_continuing,Net income (continuing ops),duration,credit,monetary,1.0,10,true,true,Income from continuing operations.,1029,ALL,false,
SEC companyfacts,us-gaap,IncomeLossFromContinuingOperationsBeforeIncomeTaxesExtraordinaryItemsNoncontrollingInterest,income_statement,profitability,pretax_income,Pretax income,duration,credit,monetary,1.0,10,true,true,Pretax income.,1023,ALL,false,
SEC companyfacts,us-gaap,IncomeLossFromContinuingOperationsBeforeIncomeTaxesMinorityInterestAndIncomeLossFromEquityMethodInvestments,income_statement,profitability,pretax_income,Pretax income,duration,credit,monetary,1.0,20,true,true,Pretax income before equity-method results,1023,ALL,false,
SEC companyfacts,us-gaap,IncomeLossFromContinuingOperationsIncludingPortionAttributableToNoncontrollingInterest,income_statement,profitability,ni_continuing,Net income (continuing ops),duration,credit,monetary,1.0,20,true,true,Continuing operations including NCI,1029,ALL,false,
SEC companyfacts,us-gaap,IncomeLossFromContinuingOperationsPerBasicShare,per_share,earnings,eps_basic_cont,Basic EPS (continuing ops),duration,credit,per_share,1.0,10,false,true,Basic EPS from continuing operations.,1036,ALL,false,
SEC companyfacts,us-gaap,IncomeLossFromContinuingOperationsPerDilutedShare,per_share,earnings,eps_diluted_cont,Diluted EPS (continuing ops),duration,credit,per_share,1.0,10,false,true,Diluted EPS from continuing operations.,1037,ALL,false,
SEC companyfacts,us-gaap,IncomeLossFromDiscontinuedOperationsNetOfTax,income_statement,special_items,discontinued_ops_ni,Discontinued ops net income,duration,credit,monetary,1.0,10,false,true,Net income from discontinued operations.,1030,ALL,false,
SEC companyfacts,us-gaap,IncomeLossFromDiscontinuedOperationsNetOfTaxAttributableToReportingEntity,income_statement,special_items,discontinued_ops_ni,Discontinued ops net income,duration,credit,monetary,1.0,20,true,true,Discontinued operations attributable to the parent,1030,ALL,false,
SEC companyfacts,us-gaap,IncomeLossFromEquityMethodInvestments,income_statement,below_operating,equity_affiliates,Equity in affiliates,duration,credit,monetary,1.0,10,false,true,Income from equity method investments.,1028,ALL,false,
SEC companyfacts,us-gaap,IncomeTaxExpenseBenefit,income_statement,taxes,income_tax,Income tax expense,duration,debit,monetary,1.0,10,true,true,Income tax expense or benefit.,1024,ALL,false,
SEC companyfacts,us-gaap,IncomeTaxExpenseBenefitContinuingOperations,income_statement,taxes,income_tax,Income tax expense,duration,debit,monetary,1.0,20,true,true,Tax expense on continuing operations,1024,ALL,false,
SEC companyfacts,us-gaap,IncreaseDecreaseInAccountsPayable,cash_flow,operating,change_in_ap,Change in accounts payable,duration,debit,monetary,1.0,10,false,true,Change in accounts payable.,1321,ALL,false,
SEC companyfacts,us-gaap,IncreaseDecreaseInAccountsPayableAndAccruedLiabilities,cash_flow,operating,change_in_ap,Change in accounts payable,duration,debit,monetary,1.0,30,true,true,Payables and accrued liabilities movement,1321,ALL,false,
SEC companyfacts,us-gaap,IncreaseDecreaseInAccountsPayableTrade,cash_flow,operating,change_in_ap,Change in accounts payable,duration,debit,monetary,1.0,20,true,true,Trade payables movement,1321,ALL,false,
SEC companyfacts,us-gaap,IncreaseDecreaseInAccountsReceivable,cash_flow,operating,change_in_ar,Change in accounts receivable,duration,credit,monetary,1.0,10,false,true,Change in accounts receivable (increase = use of cash).,1319,ALL,false,
SEC companyfacts,us-gaap,IncreaseDecreaseInInventories,cash_flow,operating,change_in_inventory,Change in inventory,duration,credit,monetary,1.0,10,false,true,Change in inventories.,1320,ALL,false,
SEC companyfacts,us-gaap,IncreaseDecreaseInReceivables,cash_flow,operating,change_in_ar,Change in accounts receivable,duration,credit,monetary,1.0,20,true,true,Total receivables movement,1319,ALL,false,
SEC companyfacts,us-gaap,IndefiniteLivedIntangibleAssetsExcludingGoodwill,balance_sheet,assets,intangibles_other,Intangibles (excl. goodwill),instant,debit,monetary,1.0,30,true,true,Indefinite-lived intangibles excluding goodwill,1115,ALL,false,
SEC companyfacts,us-gaap,IntangibleAssetsNetExcludingGoodwill,balance_sheet,assets,intangibles_other,Intangibles (excl. goodwill),instant,debit,monetary,1.0,10,true,true,Intangible assets net excluding goodwill.,1115,ALL,false,
SEC companyfacts,us-gaap,IntangibleAssetsNetIncludingGoodwill,balance_sheet,assets,intangibles_total,Total intangibles including goodwill,instant,debit,monetary,1.0,10,true,true,Combined intangibles including goodwill,1113,ALL,false,
SEC companyfacts,us-gaap,InterestAndDebtExpense,income_statement,below_operating,interest_expense,Interest expense,duration,debit,monetary,1.0,30,true,true,Combined interest and debt expense,1018,ALL,false,
SEC companyfacts,us-gaap,InterestAndDividendIncomeOperating,bank_statement,interest,interest_income_bank,Interest income - total,duration,credit,monetary,1.0,10,true,true,Bank interest and dividend income operating.,1503,BK,false,
SEC companyfacts,us-gaap,InterestExpense,income_statement,below_operating,interest_expense,Interest expense,duration,debit,monetary,1.0,10,true,true,Total interest expense.,1018,ALL,false,
SEC companyfacts,us-gaap,InterestExpense,bank_statement,interest,interest_expense_bank,Interest expense - bank,duration,debit,monetary,1.0,10,true,true,Bank-template override of industrial interest expense.,1504,BK,false,
SEC companyfacts,us-gaap,InterestExpenseDebt,income_statement,below_operating,interest_expense_debt,Interest expense (debt),duration,debit,monetary,1.0,10,false,true,Interest expense on debt only.,1019,ALL,false,
SEC companyfacts,us-gaap,InterestExpenseLongTermDebt,income_statement,below_operating,interest_expense_debt,Interest expense (debt),duration,debit,monetary,1.0,20,true,true,Long-term debt interest only,1019,ALL,false,
SEC companyfacts,us-gaap,InterestExpenseNonoperating,income_statement,below_operating,interest_expense,Interest expense,duration,debit,monetary,1.0,20,true,true,Nonoperating interest expense,1018,ALL,false,
SEC companyfacts,us-gaap,InterestIncome,income_statement,below_operating,interest_income,Interest income,duration,credit,monetary,1.0,10,false,true,Interest income.,1020,ALL,false,
SEC companyfacts,us-gaap,InventoryGross,balance_sheet,assets,inventory,Inventory,instant,debit,monetary,1.0,20,true,true,Gross inventory before reserves,1107,ALL,false,
SEC companyfacts,us-gaap,InventoryNet,balance_sheet,assets,inventory,Inventory,instant,debit,monetary,1.0,10,true,true,Net inventory.,1107,ALL,false,
SEC companyfacts,us-gaap,InventoryNetOfAllowancesCustomerAdvancesAndProgressBillings,balance_sheet,assets,inventory,Inventory,instant,debit,monetary,1.0,30,true,true,Contract-accounting inventory presentation,1107,ALL,false,
SEC companyfacts,us-gaap,InvestmentIncomeInterest,income_statement,below_operating,interest_income,Interest income,duration,credit,monetary,1.0,20,false,true,Investment interest income; lower priority fallback.,1020,ALL,false,
SEC companyfacts,us-gaap,InvestmentIncomeInterestAndDividend,income_statement,below_operating,interest_income,Interest income,duration,credit,monetary,1.0,30,true,true,Combined interest and dividend investment income,1020,ALL,false,
SEC companyfacts,us-gaap,Liabilities,balance_sheet,liabilities,total_liabilities,Total liabilities,instant,credit,monetary,1.0,10,true,true,Canonical balance sheet total liabilities.,1201,ALL,false,
SEC companyfacts,us-gaap,LiabilitiesAndStockholdersEquity,balance_sheet,liabilities,liab_and_equity,Total liabilities and equity,instant,credit,monetary,1.0,10,false,true,Total liabilities and stockholders equity; must equal total assets.,1223,ALL,false,
SEC companyfacts,us-gaap,LiabilitiesCurrent,balance_sheet,liabilities,current_liabilities,Current liabilities,instant,credit,monetary,1.0,10,true,true,Total current liabilities.,1202,ALL,false,
SEC companyfacts,us-gaap,LiabilityForUnpaidClaimsAndClaimsAdjustmentExpenseNet,insurance_statement,balance_sheet,unpaid_claim_liability,Unpaid claim liability,instant,credit,monetary,1.0,10,false,true,Net liability for unpaid claims and claims adjustment expense.,1605,IS,false,
SEC companyfacts,us-gaap,LoansAndLeasesReceivableNetReportedAmount,bank_statement,balance_sheet,total_loans,Total loans,instant,debit,monetary,1.0,10,true,true,Total loans using SEC companyfacts bank concept.,1509,BK,false,
SEC companyfacts,us-gaap,LongTermDebtAndCapitalLeaseObligations,balance_sheet,liabilities,lt_debt,Long-term debt,instant,credit,monetary,1.0,20,true,true,Long-term debt including capital lease obligations,1207,ALL,false,
SEC companyfacts,us-gaap,LongTermDebtAndCapitalLeaseObligationsCurrent,balance_sheet,liabilities,current_portion_lt_debt,Current portion of LT debt,instant,credit,monetary,1.0,20,true,true,Current maturities including capital leases,1206,ALL,false,
SEC companyfacts,us-gaap,LongTermDebtCurrent,balance_sheet,liabilities,st_debt,Short-term debt,instant,credit,monetary,1.0,10,true,true,Current portion of long-term debt; primary ST debt concept.,1206,ALL,false,
SEC companyfacts,us-gaap,LongTermDebtNoncurrent,balance_sheet,liabilities,lt_debt,Long-term debt,instant,credit,monetary,1.0,10,true,true,Long-term debt noncurrent.,1207,ALL,false,
SEC companyfacts,us-gaap,LongTermInvestments,balance_sheet,assets,lt_investments,Long-term investments,instant,debit,monetary,1.0,10,false,true,Long-term investments.,1117,ALL,false,
SEC companyfacts,us-gaap,LongTermNotesPayable,balance_sheet,liabilities,lt_debt,Long-term debt,instant,credit,monetary,1.0,30,true,true,Long-term notes payable,1207,ALL,false,
SEC companyfacts,us-gaap,MarketableSecuritiesCurrent,balance_sheet,assets,st_investments,Short-term investments,instant,debit,monetary,1.0,20,false,true,Marketable securities current; fallback for ST investments.,1105,ALL,false,
SEC companyfacts,us-gaap,MarketableSecuritiesNoncurrent,balance_sheet,assets,lt_investments,Long-term investments,instant,debit,monetary,1.0,40,true,true,Noncurrent marketable securities,1117,ALL,false,
SEC companyfacts,us-gaap,MarketingAndAdvertisingExpense,income_statement,costs,advertising_expense,Advertising expense,duration,debit,monetary,1.0,20,true,true,Combined marketing and advertising,1009,ALL,false,
SEC companyfacts,us-gaap,MinorityInterest,balance_sheet,equity,minority_int_bs,Minority interest (BS),instant,credit,monetary,1.0,10,false,true,Minority (noncontrolling) interest on balance sheet.,1213,ALL,false,
SEC companyfacts,us-gaap,MinorityInterestInNetIncomeLoss,income_statement,profitability,minority_int_pl,Minority interest (P&L),duration,debit,monetary,1.0,20,false,false,[unverified] legacy minority interest P&L concept.,1027,ALL,false,
SEC companyfacts,us-gaap,NetCashProvidedByUsedInFinancingActivities,cash_flow,financing,financing_cash_flow,Financing cash flow,duration,debit,monetary,1.0,10,true,true,Canonical net cash provided by or used in financing activities.,1304,ALL,false,
SEC companyfacts,us-gaap,NetCashProvidedByUsedInFinancingActivitiesContinuingOperations,cash_flow,financing,financing_cash_flow,Financing cash flow,duration,debit,monetary,1.0,20,true,true,Financing cash flow from continuing operations,1304,ALL,false,
SEC companyfacts,us-gaap,NetCashProvidedByUsedInInvestingActivities,cash_flow,investing,investing_cash_flow,Investing cash flow,duration,debit,monetary,1.0,10,true,true,Canonical net cash provided by or used in investing activities.,1303,ALL,false,
SEC companyfacts,us-gaap,NetCashProvidedByUsedInInvestingActivitiesContinuingOperations,cash_flow,investing,investing_cash_flow,Investing cash flow,duration,debit,monetary,1.0,20,true,true,Investing cash flow from continuing operations,1303,ALL,false,
SEC companyfacts,us-gaap,NetCashProvidedByUsedInOperatingActivities,cash_flow,operating,operating_cash_flow,Operating cash flow,duration,debit,monetary,1.0,10,true,true,Canonical net cash provided by operating activities.,1301,ALL,false,
SEC companyfacts,us-gaap,NetCashProvidedByUsedInOperatingActivitiesContinuingOperations,cash_flow,operating,cfo_continuing,Operating cash flow (continuing),duration,debit,monetary,1.0,10,false,true,Net cash from operating activities (continuing operations).,1302,ALL,false,
SEC companyfacts,us-gaap,NetIncomeLoss,income_statement,profitability,net_income,Net income,duration,credit,monetary,1.0,10,true,true,Canonical net income or loss.,1031,ALL,false,
SEC companyfacts,us-gaap,NetIncomeLossAttributableToNoncontrollingInterest,income_statement,profitability,minority_int_pl,Minority interest (P&L),duration,debit,monetary,1.0,10,false,true,Net income attributable to noncontrolling interest.,1027,ALL,false,
SEC companyfacts,us-gaap,NetIncomeLossAttributableToRedeemableNoncontrollingInterest,income_statement,profitability,minority_int_pl,Minority interest (P&L),duration,debit,monetary,1.0,30,true,true,Redeemable NCI share of earnings,1027,ALL,false,
SEC companyfacts,us-gaap,NetIncomeLossAvailableToCommonStockholdersBasic,income_statement,profitability,ni_to_common,Net income to common,duration,credit,monetary,1.0,10,true,true,Net income available to common stockholders.,1032,ALL,false,
SEC companyfacts,us-gaap,NetIncomeLossAvailableToCommonStockholdersDiluted,income_statement,profitability,ni_to_common,Net income to common,duration,credit,monetary,1.0,20,true,true,Diluted income available to common,1032,ALL,false,
SEC companyfacts,us-gaap,NonoperatingIncomeExpense,income_statement,below_operating,nonoperating_income,Non-operating income (expense),duration,credit,monetary,1.0,10,false,true,Non-operating income or expense.,1021,ALL,false,
SEC companyfacts,us-gaap,OperatingCostsAndExpenses,income_statement,costs,operating_expenses,Operating expenses,duration,debit,monetary,1.0,30,true,true,Total operating costs and expenses,1010,ALL,false,
SEC companyfacts,us-gaap,OperatingExpenses,income_statement,costs,operating_expenses,Operating expenses,duration,debit,monetary,1.0,10,false,true,Operating expenses total; availability varies by filer but the us-gaap concept is loadable.,1010,ALL,false,
SEC companyfacts,us-gaap,OperatingIncomeLoss,income_statement,profitability,operating_income,Operating income,duration,credit,monetary,1.0,10,true,true,Canonical operating income or loss.,1014,ALL,false,
SEC companyfacts,us-gaap,OperatingIncomeLoss,utility_statement,profitability,utility_operating_income,Utility operating income,duration,credit,monetary,1.0,10,false,true,Utility-template operating income.,1804,UT,false,
SEC companyfacts,us-gaap,OperatingLeaseLiability,balance_sheet,liabilities,operating_lease_liability,Operating lease liability,instant,credit,monetary,1.0,20,true,true,Total operating lease liability,1209,ALL,false,
SEC companyfacts,us-gaap,OperatingLeaseLiabilityCurrent,balance_sheet,liabilities,operating_lease_liability,Operating lease liability,instant,credit,monetary,1.0,10,false,true,Current operating lease liability (ASC 842).,1209,ALL,false,
SEC companyfacts,us-gaap,OperatingLeaseLiabilityNoncurrent,balance_sheet,liabilities,operating_lease_liability,Operating lease liability,instant,credit,monetary,1.0,20,false,true,Noncurrent operating lease liability (ASC 842).,1209,ALL,false,
SEC companyfacts,us-gaap,OperatingLeaseRightOfUseAsset,balance_sheet,assets,rou_asset,Operating lease ROU asset,instant,debit,monetary,1.0,10,false,true,Right-of-use asset for operating leases (ASC 842).,1116,ALL,false,
SEC companyfacts,us-gaap,OtherAccruedLiabilitiesCurrent,balance_sheet,liabilities,other_current_liabilities,Other current liabilities,instant,credit,monetary,1.0,20,true,true,Other accrued current liabilities,1226,ALL,false,
SEC companyfacts,us-gaap,OtherAssets,balance_sheet,assets,other_lt_assets,Other long-term assets,instant,debit,monetary,1.0,20,true,true,Unclassified other assets,1119,ALL,false,
SEC companyfacts,us-gaap,OtherAssetsCurrent,balance_sheet,assets,other_current_assets,Other current assets,instant,debit,monetary,1.0,10,false,true,Other current assets.,1109,ALL,false,
SEC companyfacts,us-gaap,OtherAssetsNoncurrent,balance_sheet,assets,other_lt_assets,Other long-term assets,instant,debit,monetary,1.0,10,false,true,Other noncurrent assets.,1119,ALL,false,
SEC companyfacts,us-gaap,OtherGeneralAndAdministrativeExpense,income_statement,costs,ga_expense,G&A expense,duration,debit,monetary,1.0,20,true,true,Residual G and A line,1007,ALL,false,
SEC companyfacts,us-gaap,OtherLiabilities,balance_sheet,liabilities,other_lt_liabilities,Other long-term liabilities,instant,credit,monetary,1.0,20,true,true,Unclassified other liabilities,1212,ALL,false,
SEC companyfacts,us-gaap,OtherLiabilitiesCurrent,balance_sheet,liabilities,other_current_liabilities,Other current liabilities,instant,credit,monetary,1.0,10,true,true,Other current liabilities,1226,ALL,false,
SEC companyfacts,us-gaap,OtherLiabilitiesNoncurrent,balance_sheet,liabilities,other_lt_liabilities,Other long-term liabilities,instant,credit,monetary,1.0,10,false,true,Other noncurrent liabilities.,1212,ALL,false,
SEC companyfacts,us-gaap,OtherSellingGeneralAndAdministrativeExpense,income_statement,costs,sga,SG&A expense,duration,debit,monetary,1.0,20,true,true,Residual SG and A line,1005,ALL,false,
SEC companyfacts,us-gaap,OtherShortTermBorrowings,balance_sheet,liabilities,st_debt,Short-term debt,instant,credit,monetary,1.0,20,true,true,Other short-term borrowings,1205,ALL,false,
SEC companyfacts,us-gaap,OtherShortTermInvestments,balance_sheet,assets,st_investments,Short-term investments,instant,debit,monetary,1.0,40,true,true,Other short-term investments,1105,ALL,false,
SEC companyfacts,us-gaap,PayablesToBrokerDealersAndClearingOrganizations,broker_dealer_statement,liabilities,payables_broker_dealers,Payables to broker-dealers and clearing organizations,instant,credit,monetary,1.0,10,true,true,Broker-dealer payables to clearing organizations.,1903,BD,false,
SEC companyfacts,us-gaap,PaymentsForCapitalImprovements,cash_flow,investing,capital_expenditures,Capital expenditures,duration,credit,monetary,1.0,20,true,true,Capital improvements,1305,ALL,false,
SEC companyfacts,us-gaap,PaymentsForRepurchaseOfCommonStock,cash_flow,financing,share_repurchases,Share repurchases,duration,credit,monetary,-1.0,10,true,true,Common stock repurchases as signed cash outflow.,1312,ALL,false,
SEC companyfacts,us-gaap,PaymentsForRepurchaseOfEquity,cash_flow,financing,share_repurchases,Share repurchases,duration,credit,monetary,1.0,20,true,true,Equity repurchase payments,1312,ALL,false,
SEC companyfacts,us-gaap,PaymentsOfDividends,cash_flow,financing,dividends_paid,Dividends paid,duration,credit,monetary,-1.0,10,true,true,Dividends paid as signed cash outflow.,1318,ALL,false,
SEC companyfacts,us-gaap,PaymentsOfDividendsCommonStock,cash_flow,financing,common_div_paid,Common dividends paid,duration,credit,monetary,-1.0,10,false,true,Common dividends paid as signed cash outflow.,1316,ALL,false,
SEC companyfacts,us-gaap,PaymentsOfDividendsPreferredStockAndPreferenceStock,cash_flow,financing,pref_div_paid,Preferred dividends paid,duration,credit,monetary,-1.0,10,false,true,Preferred dividends paid as signed cash outflow.,1317,ALL,false,
SEC companyfacts,us-gaap,PaymentsToAcquireBusinessesAndInterestInAffiliates,cash_flow,investing,acquisitions,Acquisitions,duration,credit,monetary,1.0,30,true,true,Acquisitions including affiliate interests,1309,ALL,false,
SEC companyfacts,us-gaap,PaymentsToAcquireBusinessesGross,cash_flow,investing,acquisitions,Acquisitions,duration,credit,monetary,1.0,20,true,true,Gross business acquisition payments,1309,ALL,false,
SEC companyfacts,us-gaap,PaymentsToAcquireBusinessesNetOfCashAcquired,cash_flow,investing,acquisitions,Acquisitions,duration,credit,monetary,-1.0,10,false,true,"Acquisitions of businesses, net of cash.",1309,ALL,false,
SEC companyfacts,us-gaap,PaymentsToAcquireIntangibleAssets,cash_flow,investing,capital_expenditures_broad,Capex (incl. intangibles),duration,credit,monetary,1.0,20,true,true,Intangible asset purchases,1306,ALL,false,
SEC companyfacts,us-gaap,PaymentsToAcquireMachineryAndEquipment,cash_flow,investing,capital_expenditures,Capital expenditures,duration,credit,monetary,1.0,30,true,true,Machinery and equipment purchases,1305,ALL,false,
SEC companyfacts,us-gaap,PaymentsToAcquireOtherPropertyPlantAndEquipment,cash_flow,investing,capital_expenditures,Capital expenditures,duration,credit,monetary,1.0,40,true,true,Other PP and E purchases,1305,ALL,false,
SEC companyfacts,us-gaap,PaymentsToAcquireProductiveAssets,cash_flow,investing,capital_expenditures_broad,Capex (incl. intangibles),duration,credit,monetary,-1.0,10,false,true,Broader capex including intangible asset purchases.,1306,ALL,false,
SEC companyfacts,us-gaap,PaymentsToAcquirePropertyPlantAndEquipment,cash_flow,investing,capital_expenditures,Capital expenditures,duration,credit,monetary,-1.0,10,true,true,Capital expenditures as signed cash outflow.,1305,ALL,false,
SEC companyfacts,us-gaap,PaymentsToDevelopSoftware,cash_flow,investing,capital_expenditures_broad,Capex (incl. intangibles),duration,credit,monetary,1.0,30,true,true,Capitalized software development spend,1306,ALL,false,
SEC companyfacts,us-gaap,PreferredStockDividends,income_statement,profitability,pref_dividends,Preferred dividends,duration,debit,monetary,1.0,10,false,true,Preferred stock dividends declared.,1033,ALL,false,
SEC companyfacts,us-gaap,PreferredStockDividendsAndOtherAdjustments,income_statement,profitability,pref_dividends,Preferred dividends,duration,debit,monetary,1.0,20,true,true,Preferred dividends plus other adjustments,1033,ALL,false,
SEC companyfacts,us-gaap,PreferredStockDividendsIncomeStatementImpact,income_statement,profitability,pref_dividends,Preferred dividends,duration,debit,monetary,1.0,30,true,true,Income-statement impact of preferred dividends,1033,ALL,false,
SEC companyfacts,us-gaap,PreferredStockLiquidationPreferenceValue,balance_sheet,equity,pref_stock,Preferred stock,instant,credit,monetary,1.0,20,true,true,Preferred stock at liquidation preference,1214,ALL,false,
SEC companyfacts,us-gaap,PreferredStockValue,balance_sheet,equity,pref_stock,Preferred stock,instant,credit,monetary,1.0,10,false,true,Preferred stock value.,1214,ALL,false,
SEC companyfacts,us-gaap,PremiumsEarnedNet,insurance_statement,revenue,premiums_earned,Premiums earned,duration,credit,monetary,1.0,10,true,true,Insurance premiums earned.,1601,IS,false,
SEC companyfacts,us-gaap,PremiumsWrittenNet,insurance_statement,revenue,premiums_written,Premiums written,duration,credit,monetary,1.0,10,false,true,"Insurance premiums written, net.",1602,IS,false,
SEC companyfacts,us-gaap,PrepaidExpenseAndOtherAssetsCurrent,balance_sheet,assets,prepaid_expense,Prepaid expense,instant,debit,monetary,1.0,20,true,true,Prepaid expenses combined with other current assets,1108,ALL,false,
SEC companyfacts,us-gaap,PrepaidExpenseCurrent,balance_sheet,assets,prepaid_expense,Prepaid expense,instant,debit,monetary,1.0,10,false,true,Prepaid expense current.,1108,ALL,false,
SEC companyfacts,us-gaap,ProceedsFromDivestitureOfBusinesses,cash_flow,investing,divestitures,Divestitures,duration,debit,monetary,1.0,10,false,true,Proceeds from divestitures.,1310,ALL,false,
SEC companyfacts,us-gaap,ProceedsFromDivestitureOfBusinessesNetOfCashDivested,cash_flow,investing,divestitures,Divestitures,duration,debit,monetary,1.0,20,true,true,Divestiture proceeds net of cash divested,1310,ALL,false,
SEC companyfacts,us-gaap,ProceedsFromIssuanceOfCommonStock,cash_flow,financing,stock_issuance,Stock issuance proceeds,duration,debit,monetary,1.0,10,false,true,Proceeds from issuance of common stock.,1311,ALL,false,
SEC companyfacts,us-gaap,ProceedsFromIssuanceOfLongTermDebt,cash_flow,financing,lt_debt_issued,LT debt issued,duration,debit,monetary,1.0,10,false,true,Proceeds from LT debt issuance.,1313,ALL,false,
SEC companyfacts,us-gaap,ProceedsFromIssuanceOfSeniorLongTermDebt,cash_flow,financing,lt_debt_issued,LT debt issued,duration,debit,monetary,1.0,30,true,true,Senior long-term debt proceeds,1313,ALL,false,
SEC companyfacts,us-gaap,ProceedsFromIssuanceOrSaleOfEquity,cash_flow,financing,stock_issuance,Stock issuance proceeds,duration,debit,monetary,1.0,20,true,true,Equity issuance or sale proceeds,1311,ALL,false,
SEC companyfacts,us-gaap,ProceedsFromLinesOfCredit,cash_flow,financing,lt_debt_issued,LT debt issued,duration,debit,monetary,1.0,40,true,true,Line of credit draws,1313,ALL,false,
SEC companyfacts,us-gaap,ProceedsFromNotesPayable,cash_flow,financing,lt_debt_issued,LT debt issued,duration,debit,monetary,1.0,20,true,true,Notes payable proceeds,1313,ALL,false,
SEC companyfacts,us-gaap,ProceedsFromSaleOfProductiveAssets,cash_flow,investing,divestitures,Divestitures,duration,debit,monetary,1.0,30,true,true,Productive asset sale proceeds,1310,ALL,false,
SEC companyfacts,us-gaap,ProceedsFromStockOptionsExercised,cash_flow,financing,stock_issuance,Stock issuance proceeds,duration,debit,monetary,1.0,30,true,true,Option exercise proceeds,1311,ALL,false,
SEC companyfacts,us-gaap,ProfitLoss,income_statement,profitability,net_income,Net income,duration,credit,monetary,1.0,20,true,true,Net income including noncontrolling interests,1031,ALL,false,
SEC companyfacts,us-gaap,PropertyPlantAndEquipmentAndFinanceLeaseRightOfUseAssetAfterAccumulatedDepreciationAndAmortization,balance_sheet,assets,ppe_net,PP&E (net),instant,debit,monetary,1.0,20,true,true,Net PP and E including finance-lease right-of-use assets,1110,ALL,false,
SEC companyfacts,us-gaap,PropertyPlantAndEquipmentGross,balance_sheet,assets,ppe_gross,PP&E (gross),instant,debit,monetary,1.0,10,true,true,Gross PP&E.,1111,ALL,false,
SEC companyfacts,us-gaap,PropertyPlantAndEquipmentNet,balance_sheet,assets,ppe_net,PP&E (net),instant,debit,monetary,1.0,10,true,true,Net PP&E.,1110,ALL,false,
SEC companyfacts,us-gaap,ProvisionForLoanAndLeaseLosses,bank_statement,credit,loan_loss_provision,Provision for loan losses,duration,debit,monetary,1.0,10,true,true,Provision for loan and lease losses.,1505,BK,false,
SEC companyfacts,us-gaap,PublicUtilitiesPropertyPlantAndEquipmentRateBaseAmount,utility_statement,rate_base,utility_ppe_rate_base,Utility PP&E rate-base amount,instant,debit,monetary,1.0,10,true,true,"Utility property, plant, and equipment rate-base amount.",1803,UT,false,
SEC companyfacts,us-gaap,ReceivablesFromBrokerDealersAndClearingOrganizations,broker_dealer_statement,assets,receivables_broker_dealers,Receivables from broker-dealers and clearing organizations,instant,debit,monetary,1.0,10,true,true,Broker-dealer receivables from clearing organizations.,1904,BD,false,
SEC companyfacts,us-gaap,ReceivablesNetCurrent,balance_sheet,assets,ar,Accounts receivable,instant,debit,monetary,1.0,20,false,true,Net receivables current; fallback.,1106,ALL,false,
SEC companyfacts,us-gaap,RedeemableNoncontrollingInterestEquityCarryingAmount,balance_sheet,equity,temporary_equity,Redeemable noncontrolling interest carrying amount,instant,credit,monetary,1.0,20,false,true,US-GAAP carrying-amount alternative for temporary equity; lower priority than the including-NCI total.,1224,ALL,false,
SEC companyfacts,us-gaap,RedeemableNoncontrollingInterestEquityPreferredCarryingAmount,balance_sheet,equity,temporary_equity,Redeemable noncontrolling preferred interest carrying amount,instant,credit,monetary,1.0,60,false,true,Preferred-interest component fallback when no aggregate temporary-equity carrying amount is reported.,1224,ALL,false,
SEC companyfacts,us-gaap,RedeemablePreferredStockCarryingAmount,balance_sheet,equity,temporary_equity,Redeemable preferred stock carrying amount,instant,credit,monetary,1.0,40,false,true,Redeemable preferred stock reported in temporary or mezzanine equity.,1224,ALL,false,
SEC companyfacts,us-gaap,RegulatedAndUnregulatedOperatingRevenue,utility_statement,revenue,utility_operating_revenue,Utility operating revenue,duration,credit,monetary,1.0,10,true,true,Utility operating revenue for regulated and unregulated activity.,1801,UT,false,
SEC companyfacts,us-gaap,RepaymentsOfLinesOfCredit,cash_flow,financing,lt_debt_repaid,LT debt repaid,duration,credit,monetary,1.0,40,true,true,Line of credit repayments,1314,ALL,false,
SEC companyfacts,us-gaap,RepaymentsOfLongTermDebt,cash_flow,financing,lt_debt_repaid,LT debt repaid,duration,credit,monetary,-1.0,10,false,true,Repayments of long-term debt.,1314,ALL,false,
SEC companyfacts,us-gaap,RepaymentsOfNotesPayable,cash_flow,financing,lt_debt_repaid,LT debt repaid,duration,credit,monetary,1.0,20,true,true,Notes payable repayments,1314,ALL,false,
SEC companyfacts,us-gaap,RepaymentsOfSeniorDebt,cash_flow,financing,lt_debt_repaid,LT debt repaid,duration,credit,monetary,1.0,30,true,true,Senior debt repayments,1314,ALL,false,
SEC companyfacts,us-gaap,ResearchAndDevelopmentExpense,income_statement,costs,rd_expense,R&D expense,duration,debit,monetary,1.0,10,true,true,R&D expense (ASC 730).,1008,ALL,false,
SEC companyfacts,us-gaap,ResearchAndDevelopmentExpenseExcludingAcquiredInProcessCost,income_statement,costs,rd_expense,R&D expense,duration,debit,monetary,1.0,20,true,true,R and D excluding acquired in-process R and D,1008,ALL,false,
SEC companyfacts,us-gaap,ResearchAndDevelopmentExpenseSoftwareExcludingAcquiredInProcessCost,income_statement,costs,rd_expense,R&D expense,duration,debit,monetary,1.0,30,true,true,Software R and D,1008,ALL,false,
SEC companyfacts,us-gaap,RestructuringCharges,income_statement,special_items,special_items,Special items,duration,debit,monetary,1.0,10,false,true,Restructuring charges as special items.,1022,ALL,false,
SEC companyfacts,us-gaap,RestructuringSettlementAndImpairmentProvisions,income_statement,special_items,special_items,Special items,duration,debit,monetary,1.0,40,true,true,Combined restructuring settlement and impairment,1022,ALL,false,
SEC companyfacts,us-gaap,RetainedEarningsAccumulatedDeficit,balance_sheet,equity,retained_earnings,Retained earnings,instant,credit,monetary,1.0,10,true,true,Retained earnings or accumulated deficit.,1217,ALL,false,
SEC companyfacts,us-gaap,RevenueFromContractWithCustomerExcludingAssessedTax,income_statement,revenue,revenue,Revenue,duration,credit,monetary,1.0,10,true,true,Preferred ASC-606 revenue concept when present.,1001,ALL,false,
SEC companyfacts,us-gaap,RevenueFromContractWithCustomerIncludingAssessedTax,income_statement,revenue,revenue,Revenue,duration,credit,monetary,1.0,15,true,true,ASC-606 revenue including assessed tax,1001,ALL,false,
SEC companyfacts,us-gaap,Revenues,income_statement,revenue,revenue,Revenue,duration,credit,monetary,1.0,20,true,true,Legacy/general revenue concept; lower priority than ASC-606 revenue.,1001,ALL,false,
SEC companyfacts,us-gaap,Revenues,broker_dealer_statement,revenue,broker_dealer_revenue,Broker-dealer revenue,duration,credit,monetary,1.0,10,true,true,Broker-dealer template revenue.,1901,BD,false,
SEC companyfacts,us-gaap,RevenuesNetOfInterestExpense,income_statement,revenue,revenue,Revenue,duration,credit,monetary,1.0,60,true,true,Broker and bank style total revenue presentation,1001,ALL,false,
SEC companyfacts,us-gaap,SalesRevenueGoodsNet,income_statement,revenue,revenue,Revenue,duration,credit,monetary,1.0,40,true,true,Pre-ASC-606 product revenue,1001,ALL,false,
SEC companyfacts,us-gaap,SalesRevenueNet,income_statement,revenue,revenue,Revenue,duration,credit,monetary,1.0,30,false,true,Pre-2018 net sales concept; lowest priority COALESCE fallback.,1001,ALL,false,
SEC companyfacts,us-gaap,SalesRevenueServicesNet,income_statement,revenue,revenue,Revenue,duration,credit,monetary,1.0,50,true,true,Pre-ASC-606 service revenue,1001,ALL,false,
SEC companyfacts,us-gaap,SegregatedCashAndSecurities,broker_dealer_statement,client_assets,segregated_cash_securities,Segregated cash and securities,instant,debit,monetary,1.0,10,true,true,Cash and securities segregated for customers under broker-dealer rules.,1902,BD,false,
SEC companyfacts,us-gaap,SellingAndMarketingExpense,income_statement,costs,selling_expense,Selling expense,duration,debit,monetary,1.0,10,false,true,Selling expense only.,1006,ALL,false,
SEC companyfacts,us-gaap,SellingExpense,income_statement,costs,selling_expense,Selling expense,duration,debit,monetary,1.0,20,true,true,Selling expense only,1006,ALL,false,
SEC companyfacts,us-gaap,SellingGeneralAndAdministrativeExpense,income_statement,costs,sga,SG&A expense,duration,debit,monetary,1.0,10,true,true,SG&A expense.,1005,ALL,false,
SEC companyfacts,us-gaap,SeniorNotes,balance_sheet,liabilities,lt_debt,Long-term debt,instant,credit,monetary,1.0,40,true,true,Senior notes outstanding,1207,ALL,false,
SEC companyfacts,us-gaap,ShareBasedCompensation,cash_flow,operating,stock_based_comp,Stock-based compensation,duration,debit,monetary,1.0,10,true,true,Stock-based compensation add-back.,1308,ALL,false,
SEC companyfacts,us-gaap,ShortTermBorrowings,balance_sheet,liabilities,st_debt,Short-term debt,instant,credit,monetary,1.0,20,false,true,Short-term borrowings; COALESCE component for ST debt.,1205,ALL,false,
SEC companyfacts,us-gaap,ShortTermInvestments,balance_sheet,assets,st_investments,Short-term investments,instant,debit,monetary,1.0,10,false,true,Short-term investments.,1105,ALL,false,
SEC companyfacts,us-gaap,StockholdersEquity,balance_sheet,equity,stockholders_equity,Stockholders' equity,instant,credit,monetary,1.0,10,true,true,Canonical balance sheet stockholders' equity.,1221,ALL,false,
SEC companyfacts,us-gaap,StockholdersEquityIncludingPortionAttributableToNoncontrollingInterest,balance_sheet,equity,equity_incl_minority,Equity incl. non-controlling,instant,credit,monetary,1.0,10,false,true,Total equity including non-controlling interest.,1222,ALL,false,
SEC companyfacts,us-gaap,SupplementalInformationForPropertyCasualtyInsuranceUnderwritersReservesForUnpaidClaimsAndClaimsAdjustmentExpense,insurance_statement,balance_sheet,loss_reserves,Loss reserves,instant,credit,monetary,1.0,10,false,true,Property-casualty reserves for unpaid claims and claim-adjustment expense.,1603,IS,false,
SEC companyfacts,us-gaap,TaxesPayableCurrent,balance_sheet,liabilities,taxes_payable,Taxes payable,instant,credit,monetary,1.0,10,true,true,Current taxes payable,1225,ALL,false,
SEC companyfacts,us-gaap,TemporaryEquityCarryingAmount,balance_sheet,equity,temporary_equity,Temporary equity carrying amount,instant,credit,monetary,1.0,30,false,true,US-GAAP total temporary equity carrying amount.,1224,ALL,false,
SEC companyfacts,us-gaap,TemporaryEquityCarryingAmountIncludingPortionAttributableToNoncontrollingInterests,balance_sheet,equity,temporary_equity,Temporary equity including noncontrolling interests,instant,credit,monetary,1.0,10,false,true,"Optional DQC 0004 component between liabilities and permanent equity, including redeemable or mezzanine interests.",1224,ALL,false,
SEC companyfacts,us-gaap,TemporaryEquityRedemptionValue,balance_sheet,equity,temporary_equity,Temporary equity redemption value,instant,credit,monetary,1.0,50,false,true,Legacy US-GAAP temporary-equity alternative used as the balance-sheet mezzanine-equity line.,1224,ALL,false,
SEC companyfacts,us-gaap,TreasuryStockCommonValue,balance_sheet,equity,treasury_stock,Treasury stock,instant,debit,monetary,1.0,20,true,true,Common treasury stock at cost,1219,ALL,false,
SEC companyfacts,us-gaap,TreasuryStockShares,share_count,shares,treasury,Treasury shares,instant,debit,shares,1.0,10,false,true,Treasury shares held by the issuer.,1046,ALL,false,
SEC companyfacts,us-gaap,TreasuryStockValue,balance_sheet,equity,treasury_stock,Treasury stock,instant,debit,monetary,1.0,10,false,true,Treasury stock at cost.,1219,ALL,false,
SEC companyfacts,us-gaap,TreasuryStockValueAcquiredCostMethod,cash_flow,financing,share_repurchases,Share repurchases,duration,credit,monetary,1.0,30,true,true,Treasury stock acquired at cost,1312,ALL,false,
SEC companyfacts,us-gaap,WeightedAverageNumberOfDilutedSharesOutstanding,share_count,shares,shares_diluted_avg,Weighted avg shares (diluted),duration,credit,shares,1.0,10,true,true,Weighted average diluted shares outstanding.,1041,ALL,false,
SEC companyfacts,us-gaap,WeightedAverageNumberOfSharesIssuedBasic,share_count,shares,shares_basic_avg,Weighted avg shares (basic),duration,credit,shares,1.0,20,true,true,Weighted-average shares issued,1040,ALL,false,
SEC companyfacts,us-gaap,WeightedAverageNumberOfSharesOutstandingBasic,share_count,shares,shares_basic_avg,Weighted avg shares (basic),duration,credit,shares,1.0,10,true,true,Weighted average basic shares outstanding.,1040,ALL,false,
SEC companyfacts,us-gaap,__DERIVED__affo,reit_statement,cash_flow,affo,Adjusted FFO (AFFO),duration,credit,monetary,1.0,20,true,true,"Derived fallback: AFFO uses reported AFFO when present, otherwise reported/derived FFO.",1703,RT,true,"affo = coalesce(reported_affo, ffo)"
SEC companyfacts,us-gaap,__DERIVED__affo_per_share,reit_statement,per_share,affo_per_share,AFFO per share,duration,credit,per_share,1.0,10,false,true,Derived: AFFO per share = AFFO / diluted shares.,1704,RT,true,affo_per_share = affo / shares_diluted_avg
SEC companyfacts,us-gaap,__DERIVED__bvps,per_share,valuation,bvps,Book value per share,instant,credit,per_share,1.0,10,false,true,Derived: book value per share = common_equity / shares_outstanding.,1401,ALL,true,bvps = common_equity / shares_outstanding
SEC companyfacts,us-gaap,__DERIVED__cash_per_share,per_share,valuation,cash_per_share,Cash per share,instant,credit,per_share,1.0,10,false,true,Derived: cash per share = cash_st_inv / shares_outstanding.,1405,ALL,true,cash_per_share = cash_st_inv / shares_outstanding
SEC companyfacts,us-gaap,__DERIVED__ccc,per_share,valuation,ccc,Cash conversion cycle,duration,credit,ratio,1.0,10,false,true,Derived: CCC = DSO + DIO - DPO.,1427,ALL,true,ccc = dso + dio - dpo
SEC companyfacts,us-gaap,__DERIVED__change_in_wc,cash_flow,operating,change_in_wc,Change in working capital,duration,debit,monetary,1.0,10,false,true,Derived: change in working capital = sum of WC component changes.,1322,ALL,true,change_in_wc = change_in_ar + change_in_inventory + change_in_ap
SEC companyfacts,us-gaap,__DERIVED__combined_ratio,insurance_statement,ratio,combined_ratio,Combined ratio,duration,credit,ratio,1.0,10,false,true,Derived: combined_ratio = loss_ratio + expense_ratio.,1608,IS,true,combined_ratio = loss_ratio + expense_ratio
SEC companyfacts,us-gaap,__DERIVED__common_equity,balance_sheet,equity,common_equity,Common equity,instant,credit,monetary,1.0,10,true,true,Derived: common equity = total_equity - pref_stock - minority_int_bs.,1220,ALL,true,common_equity = total_equity - pref_stock
SEC companyfacts,us-gaap,__DERIVED__current_ratio,per_share,valuation,current_ratio,Current ratio,instant,credit,ratio,1.0,10,false,true,Derived: current ratio = current_assets / current_liabilities.,1421,ALL,true,current_ratio = current_assets / current_liabilities
SEC companyfacts,us-gaap,__DERIVED__debt_to_equity,per_share,valuation,debt_to_equity,Debt/equity,instant,credit,ratio,1.0,10,false,true,Derived: D/E = total_debt / common_equity.,1422,ALL,true,debt_to_equity = total_debt / common_equity
SEC companyfacts,us-gaap,__DERIVED__dio,per_share,valuation,dio,DIO (days),duration,credit,ratio,1.0,10,false,true,Derived: DIO = inventory / cogs * 365.,1425,ALL,true,dio = inventory / cogs * 365
SEC companyfacts,us-gaap,__DERIVED__dividend_yield,per_share,valuation,dividend_yield,Dividend yield,duration,credit,ratio,1.0,10,false,true,Derived: dividend yield = dps_declared / price.,1406,ALL,true,dividend_yield = dps_declared / price
SEC companyfacts,us-gaap,__DERIVED__dpo,per_share,valuation,dpo,DPO (days),duration,credit,ratio,1.0,10,false,true,Derived: DPO = ap / cogs * 365.,1426,ALL,true,dpo = ap / cogs * 365
SEC companyfacts,us-gaap,__DERIVED__dps_declared,per_share,dividends,dps_declared,Dividends per share (declared),duration,credit,per_share,1.0,10,false,true,Derived: common dividends declared per share.,1043,ALL,true,dps_declared = common_div_paid / shares_outstanding
SEC companyfacts,us-gaap,__DERIVED__dso,per_share,valuation,dso,DSO (days),duration,credit,ratio,1.0,10,false,true,Derived: DSO = ar / revenue * 365.,1424,ALL,true,dso = ar / revenue * 365
SEC companyfacts,us-gaap,__DERIVED__ebit,income_statement,profitability,ebit,EBIT,duration,credit,monetary,1.0,10,true,true,Derived: EBIT = pretax_income + interest_expense.,1017,ALL,true,ebit = pretax_income + interest_expense
SEC companyfacts,us-gaap,__DERIVED__ebitda,income_statement,profitability,ebitda,EBITDA,duration,credit,monetary,1.0,10,true,true,Derived: EBITDA = operating_income + da_cf (or da_is).,1016,ALL,true,ebitda = operating_income + da_cf
SEC companyfacts,us-gaap,__DERIVED__ebitda_margin,per_share,valuation,ebitda_margin,EBITDA margin,duration,credit,ratio,1.0,10,false,true,Derived: EBITDA margin = ebitda / revenue.,1416,ALL,true,ebitda_margin = ebitda / revenue
SEC companyfacts,us-gaap,__DERIVED__ebitda_oibdp,income_statement,profitability,ebitda_oibdp,Operating income before D&A,duration,credit,monetary,1.0,10,false,true,Derived: operating income before D&A (Compustat oibdp equivalent).,1015,ALL,true,ebitda_oibdp = operating_income + da_is
SEC companyfacts,us-gaap,__DERIVED__enterprise_value,per_share,valuation,enterprise_value,Enterprise value,instant,debit,monetary,1.0,10,false,true,Derived: EV = market_cap + total_debt - cash_st_inv.,1410,ALL,true,enterprise_value = market_cap + total_debt - cash_st_inv
SEC companyfacts,us-gaap,__DERIVED__eps_diluted_ltm,per_share,earnings,eps_diluted_ltm,Diluted EPS (LTM),duration,credit,per_share,1.0,10,false,true,Derived: trailing-twelve-month diluted EPS.,1038,ALL,true,eps_diluted_ltm = sum of 4 trailing quarters eps_diluted
SEC companyfacts,us-gaap,__DERIVED__ev_ebitda,per_share,valuation,ev_ebitda,EV/EBITDA,duration,credit,ratio,1.0,10,false,true,Derived: EV/EBITDA = enterprise_value / ebitda.,1411,ALL,true,ev_ebitda = enterprise_value / ebitda
SEC companyfacts,us-gaap,__DERIVED__ev_sales,per_share,valuation,ev_sales,EV/Sales,duration,credit,ratio,1.0,10,false,true,Derived: EV/Sales = enterprise_value / revenue.,1412,ALL,true,ev_sales = enterprise_value / revenue
SEC companyfacts,us-gaap,__DERIVED__fcf_per_share,per_share,valuation,fcf_per_share,FCF per share,duration,credit,per_share,1.0,10,false,true,Derived: FCF per share = free_cash_flow / shares_outstanding.,1403,ALL,true,fcf_per_share = free_cash_flow / shares_outstanding
SEC companyfacts,us-gaap,__DERIVED__ffo,reit_statement,cash_flow,ffo,Funds from operations (FFO),duration,credit,monetary,1.0,20,true,true,Derived fallback: FFO = net income + depreciation/amortization when reported Nareit FFO is absent.,1701,RT,true,ffo = net_income + depreciation_amortization
SEC companyfacts,us-gaap,__DERIVED__ffo_per_share,reit_statement,per_share,ffo_per_share,FFO per share,duration,credit,per_share,1.0,10,false,true,Derived: FFO per share = FFO / diluted shares.,1702,RT,true,ffo_per_share = ffo / shares_diluted_avg
SEC companyfacts,us-gaap,__DERIVED__free_cash_flow,cash_flow,operating,free_cash_flow,Free cash flow,duration,debit,monetary,1.0,10,true,true,Derived: FCF = operating_cash_flow - capital_expenditures.,1325,ALL,true,free_cash_flow = operating_cash_flow - capital_expenditures
SEC companyfacts,us-gaap,__DERIVED__gross_margin,per_share,valuation,gross_margin,Gross margin,duration,credit,ratio,1.0,10,false,true,Derived: gross margin = gross_profit / revenue.,1414,ALL,true,gross_margin = gross_profit / revenue
SEC companyfacts,us-gaap,__DERIVED__intangibles_total,balance_sheet,assets,intangibles_total,Intangibles (total),instant,debit,monetary,1.0,10,false,true,Derived: total intangibles = intangibles excluding goodwill + goodwill.,1113,ALL,true,intangibles_total = intangibles_other + goodwill
SEC companyfacts,us-gaap,__DERIVED__interest_coverage,per_share,valuation,interest_coverage,Interest coverage,duration,credit,ratio,1.0,10,false,true,Derived: interest coverage = ebit / interest_expense.,1423,ALL,true,interest_coverage = ebit / interest_expense
SEC companyfacts,us-gaap,__DERIVED__market_cap,per_share,valuation,market_cap,Market cap,instant,debit,monetary,1.0,10,false,true,Derived: market cap = price * shares_outstanding.,1413,ALL,true,market_cap = price * shares_outstanding
SEC companyfacts,us-gaap,__DERIVED__net_change_debt,cash_flow,financing,net_change_debt,Net change in debt,duration,debit,monetary,1.0,10,false,true,Derived: net change in debt = lt_debt_issued - lt_debt_repaid.,1315,ALL,true,net_change_debt = lt_debt_issued - lt_debt_repaid
SEC companyfacts,us-gaap,__DERIVED__net_interest_income,bank_statement,interest,net_interest_income,Net interest income,duration,credit,monetary,1.0,10,true,true,Derived: net interest income = bank interest income - bank interest expense.,1501,BK,true,net_interest_income = interest_income_bank - interest_expense_bank
SEC companyfacts,us-gaap,__DERIVED__net_margin,per_share,valuation,net_margin,Net margin,duration,credit,ratio,1.0,10,false,true,Derived: net margin = net_income / revenue.,1417,ALL,true,net_margin = net_income / revenue
SEC companyfacts,us-gaap,__DERIVED__nim,bank_statement,ratio,nim,Net interest margin,duration,credit,ratio,1.0,10,false,true,Derived bank ratio; vendor/open source priority from §2.5.,1502,BK,true,nim = net_interest_income / average_earning_assets
SEC companyfacts,us-gaap,__DERIVED__normalized_income,income_statement,profitability,normalized_income,Normalised net income,duration,credit,monetary,1.0,10,false,true,Derived: normalized net income excluding non-recurring items.,1042,ALL,true,normalized_income = net_income adjusted for special_items
SEC companyfacts,us-gaap,__DERIVED__operating_margin,per_share,valuation,operating_margin,Operating margin,duration,credit,ratio,1.0,10,false,true,Derived: operating margin = operating_income / revenue.,1415,ALL,true,operating_margin = operating_income / revenue
SEC companyfacts,us-gaap,__DERIVED__pb_ratio,per_share,valuation,pb_ratio,P/B ratio,instant,credit,ratio,1.0,10,false,true,Derived: P/B = price / bvps.,1408,ALL,true,pb_ratio = price / bvps
SEC companyfacts,us-gaap,__DERIVED__pe_ratio,per_share,valuation,pe_ratio,P/E ratio,duration,credit,ratio,1.0,10,false,true,Derived: P/E = price / eps_diluted.,1407,ALL,true,pe_ratio = price / eps_diluted
SEC companyfacts,us-gaap,__DERIVED__ps_ratio,per_share,valuation,ps_ratio,P/S ratio,duration,credit,ratio,1.0,10,false,true,Derived: P/S = price / sales_per_share.,1409,ALL,true,ps_ratio = price / sales_per_share
SEC companyfacts,us-gaap,__DERIVED__roa,per_share,valuation,roa,ROA,duration,credit,ratio,1.0,10,false,true,Derived: ROA = net_income / total_assets.,1418,ALL,true,roa = net_income / total_assets
SEC companyfacts,us-gaap,__DERIVED__roe,per_share,valuation,roe,ROE,duration,credit,ratio,1.0,10,false,true,Derived: ROE = net_income / common_equity.,1419,ALL,true,roe = net_income / common_equity
SEC companyfacts,us-gaap,__DERIVED__roic,per_share,valuation,roic,ROIC,duration,credit,ratio,1.0,10,false,true,Derived: ROIC = operating_income * (1-tax_rate) / (total_debt + common_equity).,1420,ALL,true,roic = operating_income * (1 - effective_tax_rate) / (total_debt + common_equity)
SEC companyfacts,us-gaap,__DERIVED__sales_legacy,income_statement,revenue,sales_legacy,Sales (legacy),duration,credit,monetary,1.0,10,false,true,Authorized S4a alias; numerically identical to total revenue for industrials.,1002,ALL,true,sales_legacy = revenue
SEC companyfacts,us-gaap,__DERIVED__sales_per_share,per_share,valuation,sales_per_share,Sales per share,duration,credit,per_share,1.0,10,false,true,Derived: sales per share = revenue / shares_outstanding.,1404,ALL,true,sales_per_share = revenue / shares_outstanding
SEC companyfacts,us-gaap,__DERIVED__tangible_bvps,per_share,valuation,tangible_bvps,Tangible book value per share,instant,credit,per_share,1.0,10,false,true,Derived: tangible BV/share = (common_equity - intangibles_other - goodwill) / shares_outstanding.,1402,ALL,true,tangible_bvps = (common_equity - goodwill - intangibles_other) / shares_outstanding
SEC companyfacts,us-gaap,__DERIVED__total_debt,balance_sheet,liabilities,total_debt,Total debt,instant,credit,monetary,1.0,10,true,true,Derived: total debt = ST debt + LT debt.,1208,ALL,true,total_debt = st_debt + lt_debt
SEC companyfacts,vendor-only,__VENDOR_ONLY__capitalization_rate,reit_statement,valuation,capitalization_rate,Capitalisation rate,instant,credit,ratio,1.0,10,false,false,Vendor/open-data gap: §2.7 lists no verified us-gaap concept.,1711,RT,false,
SEC companyfacts,vendor-only,__VENDOR_ONLY__cet1,bank_statement,capital,cet1,CET1 (Common Equity Tier 1),instant,credit,monetary,1.0,10,false,false,Regulatory capital line; vendor/open-data gap in §2.5.,1513,BK,false,
SEC companyfacts,vendor-only,__VENDOR_ONLY__efficiency_ratio,bank_statement,ratio,efficiency_ratio,Efficiency ratio,duration,credit,ratio,1.0,10,false,false,Bank operating efficiency ratio; vendor/open-data gap in §2.5.,1515,BK,false,
SEC companyfacts,vendor-only,__VENDOR_ONLY__expense_ratio,insurance_statement,ratio,expense_ratio,Expense ratio,duration,credit,ratio,1.0,10,false,false,Insurance ratio from vendor feed or derived expense/premium components.,1607,IS,false,
SEC companyfacts,vendor-only,__VENDOR_ONLY__ffo_payout_ratio,reit_statement,valuation,ffo_payout_ratio,FFO payout ratio,duration,credit,ratio,1.0,10,false,false,Vendor/open-data gap: §2.7 lists no verified us-gaap concept.,1712,RT,false,
SEC companyfacts,vendor-only,__VENDOR_ONLY__insurance_benefits_paid,insurance_statement,claims,insurance_benefits_paid,Insurance benefits paid,duration,debit,monetary,1.0,10,false,false,Vendor/open-data gap: §2.6 lists no verified us-gaap concept.,1604,IS,false,
SEC companyfacts,vendor-only,__VENDOR_ONLY__insurance_float,insurance_statement,balance_sheet,insurance_float,Insurance float,instant,credit,monetary,1.0,10,false,false,Vendor/open-data gap: §2.6 lists no verified us-gaap concept.,1610,IS,false,
SEC companyfacts,vendor-only,__VENDOR_ONLY__investment_portfolio,insurance_statement,balance_sheet,investment_portfolio,Investment portfolio,instant,debit,monetary,1.0,10,false,false,Vendor/open-data gap: §2.6 lists no verified us-gaap concept.,1609,IS,false,
SEC companyfacts,vendor-only,__VENDOR_ONLY__loss_ratio,insurance_statement,ratio,loss_ratio,Loss ratio,duration,credit,ratio,1.0,10,false,false,Insurance ratio from vendor feed or derived claim/premium components.,1606,IS,false,
SEC companyfacts,vendor-only,__VENDOR_ONLY__nav_per_share,reit_statement,valuation,nav_per_share,Net asset value per share,instant,credit,per_share,1.0,10,false,false,Vendor/open-data gap: §2.7 lists no verified us-gaap concept.,1710,RT,false,
SEC companyfacts,vendor-only,__VENDOR_ONLY__net_capital,broker_dealer_statement,capital,net_capital,Broker-dealer net capital,instant,credit,monetary,1.0,10,false,false,Regulatory net capital is not a standard us-gaap companyfacts concept.,1905,BD,false,
SEC companyfacts,vendor-only,__VENDOR_ONLY__net_charge_offs,bank_statement,credit,net_charge_offs,Net charge-offs,duration,debit,monetary,1.0,10,false,false,Vendor/open-data gap: §2.5 lists no verified us-gaap concept.,1508,BK,false,
SEC companyfacts,vendor-only,__VENDOR_ONLY__nonperforming_loans,bank_statement,credit,nonperforming_loans,Non-performing loans,instant,debit,monetary,1.0,10,false,false,Vendor/open-data gap: §2.5 lists no verified us-gaap concept.,1507,BK,false,
SEC companyfacts,vendor-only,__VENDOR_ONLY__risk_weighted_assets,bank_statement,capital,risk_weighted_assets,Risk-weighted assets,instant,debit,monetary,1.0,10,false,false,Regulatory denominator; vendor/open-data gap in §2.5.,1514,BK,false,
SEC companyfacts,vendor-only,__VENDOR_ONLY__tier1_capital,bank_statement,capital,tier1_capital,Tier 1 capital,instant,credit,monetary,1.0,10,false,false,Regulatory capital line; vendor/open-data gap in §2.5.,1511,BK,false,
SEC companyfacts,vendor-only,__VENDOR_ONLY__tier1_capital_ratio,bank_statement,capital,tier1_capital_ratio,Tier 1 capital ratio,instant,credit,ratio,1.0,10,false,false,Regulatory ratio; vendor/open-data gap in §2.5.,1512,BK,false,
SEC companyfacts,vendor-only,__VENDOR_ONLY__total_deposits,bank_statement,balance_sheet,total_deposits,Total deposits,instant,credit,monetary,1.0,10,false,false,Vendor/open-data gap: §2.5 lists no verified us-gaap concept.,1510,BK,false,
SEC companyfacts,vendor-only,__VENDOR_ONLY__utility_rate_base,utility_statement,rate_base,utility_rate_base,Utility rate base,instant,debit,monetary,1.0,10,false,false,Regulatory rate base is usually a commission/vendor field.,1802,UT,false,
